checksum,file_id,file_name,size_bytes,created_at,referenced,url
4b5c5c92cec3b23e6a294fc0eea43234ef5126c5a64f4c6c531ac8430ab0b844,756,"funpace-upload-test-1779821128676-5.png",68,2026-05-26T18:45:34.455206,false,https://99dev.pro/bucket/files/public/giovannimiranda09/2026/05/22f6f9f9312b4529995bfe07a6e2251c.png
4b5c5c92cec3b23e6a294fc0eea43234ef5126c5a64f4c6c531ac8430ab0b844,755,"funpace-upload-test-1779821125396-4.png",68,2026-05-26T18:45:29.063722,false,https://99dev.pro/bucket/files/public/giovannimiranda09/2026/05/99841d509c2b47af94f1c83129577c9f.png
4b5c5c92cec3b23e6a294fc0eea43234ef5126c5a64f4c6c531ac8430ab0b844,754,"funpace-upload-test-1779821121879-3.png",68,2026-05-26T18:45:26.056379,false,https://99dev.pro/bucket/files/public/giovannimiranda09/2026/05/94260fb9935c4a6db0f6c0be6e0c33fe.png
4b5c5c92cec3b23e6a294fc0eea43234ef5126c5a64f4c6c531ac8430ab0b844,753,"funpace-upload-test-1779821117789-2.png",68,2026-05-26T18:45:22.753837,false,https://99dev.pro/bucket/files/public/giovannimiranda09/2026/05/27ea669592354395a3a8e15a0d0e41fd.png
4b5c5c92cec3b23e6a294fc0eea43234ef5126c5a64f4c6c531ac8430ab0b844,752,"funpace-upload-test-1779821111298-1.png",68,2026-05-26T18:45:17.063551,false,https://99dev.pro/bucket/files/public/giovannimiranda09/2026/05/b207b3e9f4834c9280d47773fc8da8be.png
dd64b4d00eb96613c834021bf3ac45a3afb7c706607f414a18bdf8367195d5b0,2514,"1780087822633-1676008b-5bf8-472f-8d4c-f20b8f5c111d-dsc04106.jpg",532469,2026-05-29T20:50:23.349934,true,https://99dev.pro/bucket/files/public/giovannimiranda09/2026/05/87799db63454426ba37face4567b40d0.jpg
dd64b4d00eb96613c834021bf3ac45a3afb7c706607f414a18bdf8367195d5b0,2378,"1779986765443-1a3af544-22eb-4285-ab3a-4afaa9cc54db-dsc04106.jpg",532469,2026-05-28T16:46:05.883198,true,https://99dev.pro/bucket/files/public/giovannimiranda09/2026/05/21bbdb40cc974fed86d2c5dff1b72b49.jpg
dd64b4d00eb96613c834021bf3ac45a3afb7c706607f414a18bdf8367195d5b0,2090,"1779982731029-565c9636-e668-45ee-bd41-514e6db8dc2d-dsc04106.jpg",532469,2026-05-28T15:38:50.760975,true,https://99dev.pro/bucket/files/public/giovannimiranda09/2026/05/4804ae8850184ae7a54496a5886cb1aa.jpg
f241f7fdfeb15dd414501192546f1e78bb8c270e1238933644dd6f06e3f664d7,2536,"1780087839234-b74b9aba-59b4-4f3b-89df-320c9efa438b-dsc04330.jpg",526398,2026-05-29T20:50:39.664012,true,https://99dev.pro/bucket/files/public/giovannimiranda09/2026/05/f8f8a013e28f488fa7eb2d0cb269172b.jpg
f241f7fdfeb15dd414501192546f1e78bb8c270e1238933644dd6f06e3f664d7,2330,"1779986521070-de704c32-6692-4879-8556-1de0f9db21ec-dsc04330.jpg",526398,2026-05-28T16:42:00.868420,true,https://99dev.pro/bucket/files/public/giovannimiranda09/2026/05/346bdf7636774f7b88b22215137a0fc2.jpg
f241f7fdfeb15dd414501192546f1e78bb8c270e1238933644dd6f06e3f664d7,2140,"1779982834886-468f0276-e44c-44fd-9e6a-0e26a4b17506-dsc04330.jpg",526398,2026-05-28T15:40:34.595150,true,https://99dev.pro/bucket/files/public/giovannimiranda09/2026/05/aacfc5221f624b16ac42a5073f99f6bf.jpg
7369951ee38c021d495de54036979a901aaa01e5bd1cdfb61e50b257baaf311a,2548,"1780087846664-08252271-70e5-4f98-96ff-84107008c8d0-dsc04418.jpg",438392,2026-05-29T20:50:46.980711,true,https://99dev.pro/bucket/files/public/giovannimiranda09/2026/05/4362f155eda342fbb622b2dfa296cd1f.jpg
7369951ee38c021d495de54036979a901aaa01e5bd1cdfb61e50b257baaf311a,2422,"1779986852605-7abc1da2-aed9-4e4d-bf3c-39deb4ca6141-dsc04418.jpg",438392,2026-05-28T16:47:32.270680,true,https://99dev.pro/bucket/files/public/giovannimiranda09/2026/05/3505f97ef1ba47b381f7314c7c8e114a.jpg
7369951ee38c021d495de54036979a901aaa01e5bd1cdfb61e50b257baaf311a,2164,"1779982865005-cb04a896-d6ed-4c9a-b479-ae67ec35449e-dsc04418.jpg",438392,2026-05-28T15:41:04.680337,true,https://99dev.pro/bucket/files/public/giovannimiranda09/2026/05/730aee661fee4577a8873feccc9bf1cb.jpg
a52d9f1adf0d0cf08991fcff9e5f05695b2020797be62e2640297555167553cd,2516,"1780087824389-089296c7-65d6-41f6-aa89-8000885e8c7e-dsc04107.jpg",424318,2026-05-29T20:50:24.940981,true,https://99dev.pro/bucket/files/public/giovannimiranda09/2026/05/10ce6329c66340fb90206103ce7b0b3d.jpg
a52d9f1adf0d0cf08991fcff9e5f05695b2020797be62e2640297555167553cd,2380,"1779986768637-8e27a70f-0a76-4a9d-8f45-717e987ddebf-dsc04107.jpg",424318,2026-05-28T16:46:08.290345,true,https://99dev.pro/bucket/files/public/giovannimiranda09/2026/05/55975b0a1df846de86c3b944f2b9d755.jpg
a52d9f1adf0d0cf08991fcff9e5f05695b2020797be62e2640297555167553cd,2092,"1779982734651-36464bf5-7dfa-496a-868e-7e311b2dcdf0-dsc04107.jpg",424318,2026-05-28T15:38:54.282366,true,https://99dev.pro/bucket/files/public/giovannimiranda09/2026/05/62d99278b25c41a38b06283ef2ee2d73.jpg
aadee4e3bbb690771afaadbc7d0ac606850175e835b4f7f5b6f784fa4f9cc431,2546,"1780087845467-48df2249-e3ee-440b-afd2-ec1b67b2c440-dsc04409.jpg",390432,2026-05-29T20:50:45.768811,true,https://99dev.pro/bucket/files/public/giovannimiranda09/2026/05/bc846353d1e049a6a7268a2535e8d3e4.jpg
aadee4e3bbb690771afaadbc7d0ac606850175e835b4f7f5b6f784fa4f9cc431,2420,"1779986848979-4bc3e907-a4df-4d46-b9d9-59e4a281855a-dsc04409.jpg",390432,2026-05-28T16:47:28.788125,true,https://99dev.pro/bucket/files/public/giovannimiranda09/2026/05/dc1126646b704d71ac2946774daf00a6.jpg
aadee4e3bbb690771afaadbc7d0ac606850175e835b4f7f5b6f784fa4f9cc431,2162,"1779982861040-dcf38096-11a2-44be-8158-7fa870cd0786-dsc04409.jpg",390432,2026-05-28T15:41:00.832388,true,https://99dev.pro/bucket/files/public/giovannimiranda09/2026/05/bbf7724907a04df9afbb6fdd4a3fc63c.jpg
6ade98f84e31a1b58657392cba4585755443887a6c279b884239f2c4cc163c16,2542,"1780087842989-04489d09-9c3a-4fe3-9826-802ae7637b01-dsc04400.jpg",381815,2026-05-29T20:50:43.322580,true,https://99dev.pro/bucket/files/public/giovannimiranda09/2026/05/3d7c285b0c56487ea27238662ef6fcba.jpg
6ade98f84e31a1b58657392cba4585755443887a6c279b884239f2c4cc163c16,2416,"1779986841953-e2af9e55-483b-4410-8071-d26d7883119d-dsc04400.jpg",381815,2026-05-28T16:47:21.636165,true,https://99dev.pro/bucket/files/public/giovannimiranda09/2026/05/246ac3bc622f41399bb19bd58af6a262.jpg
6ade98f84e31a1b58657392cba4585755443887a6c279b884239f2c4cc163c16,2158,"1779982854052-a2c6eadf-3833-473a-99aa-e2b9785b426b-dsc04400.jpg",381815,2026-05-28T15:40:53.766353,true,https://99dev.pro/bucket/files/public/giovannimiranda09/2026/05/98871f4cf5e643a29bc52e21c4cfd2c8.jpg
e094080058cb03657044b5910012917bb5f824c13d2d19f3b2be9ca15d410832,2544,"1780087844248-e3ed9396-4277-44f6-87ea-82617021ac98-dsc04402.jpg",377756,2026-05-29T20:50:44.528103,true,https://99dev.pro/bucket/files/public/giovannimiranda09/2026/05/ffbafdaed9dd4e3eb5a67eafe47a5fae.jpg
e094080058cb03657044b5910012917bb5f824c13d2d19f3b2be9ca15d410832,2418,"1779986845515-484497de-c80f-4c56-8ec4-3e0559d78ad2-dsc04402.jpg",377756,2026-05-28T16:47:25.191685,true,https://99dev.pro/bucket/files/public/giovannimiranda09/2026/05/22ef777921a349c9b6e2a0036ee6684a.jpg
e094080058cb03657044b5910012917bb5f824c13d2d19f3b2be9ca15d410832,2160,"1779982857495-29d65ae4-3272-4ce4-9c53-3b2dbb271eac-dsc04402.jpg",377756,2026-05-28T15:40:57.191551,true,https://99dev.pro/bucket/files/public/giovannimiranda09/2026/05/6c8cc413049a4bfbb44382678f6b21bb.jpg
12082db300cf682f8fe23f4a412008da01ff8a349d58ec8e54191a0ca703d8af,2552,"1780087849865-5b409e48-3fd6-4e9a-9db4-cb268fe70e73-dsc04427.jpg",375988,2026-05-29T20:50:50.240610,true,https://99dev.pro/bucket/files/public/giovannimiranda09/2026/05/7168f91bb88c44508f530325d4a6274e.jpg
12082db300cf682f8fe23f4a412008da01ff8a349d58ec8e54191a0ca703d8af,2426,"1779986859741-da11634c-de72-494d-8088-fdf36c95a6d1-dsc04427.jpg",375988,2026-05-28T16:47:39.762543,true,https://99dev.pro/bucket/files/public/giovannimiranda09/2026/05/52dd7cbe1a344ad08027e940bc33e9d5.jpg
12082db300cf682f8fe23f4a412008da01ff8a349d58ec8e54191a0ca703d8af,2222,"1779983236326-d4ab9000-bfd7-42b4-8805-3aadf6921257-dsc04427.jpg",375988,2026-05-28T15:47:15.992119,true,https://99dev.pro/bucket/files/public/giovannimiranda09/2026/05/8e151d7707654de9afeeff62d24d3923.jpg
8251b5cc79ac8973b926f13e6a8c8b5066180411feb3d66dbfc0b66e36fc4260,2550,"1780087848635-7c5deb45-eaaf-4158-9baf-749cdbf13fae-dsc04426.jpg",370791,2026-05-29T20:50:48.919527,true,https://99dev.pro/bucket/files/public/giovannimiranda09/2026/05/f2e16d782dc44f96b07105912a7cf81f.jpg
8251b5cc79ac8973b926f13e6a8c8b5066180411feb3d66dbfc0b66e36fc4260,2424,"1779986856307-5b587310-0304-432a-8136-289892a357c9-dsc04426.jpg",370791,2026-05-28T16:47:35.911458,true,https://99dev.pro/bucket/files/public/giovannimiranda09/2026/05/9ea0401e60c641048203303da6749f29.jpg
8251b5cc79ac8973b926f13e6a8c8b5066180411feb3d66dbfc0b66e36fc4260,2166,"1779982868634-4c8ca422-ddab-4751-8a58-8b6a1b24bd10-dsc04426.jpg",370791,2026-05-28T15:41:08.193811,true,https://99dev.pro/bucket/files/public/giovannimiranda09/2026/05/5df277560493464e983336cbdbe3d526.jpg
8f4dc1159557f53a05978d30041e50daa1383cb5b239faa1b9ea580979460117,2534,"1780087837898-32ea2dd5-28c5-4b69-90b0-55754a15d6df-dsc04327.jpg",367787,2026-05-29T20:50:38.256969,true,https://99dev.pro/bucket/files/public/giovannimiranda09/2026/05/302581a39f564b1186c77c77624ea4c4.jpg
8f4dc1159557f53a05978d30041e50daa1383cb5b239faa1b9ea580979460117,2328,"1779986519701-39b7f4e0-c30d-4b6b-939a-7669f8006722-dsc04327.jpg",367787,2026-05-28T16:41:59.369368,true,https://99dev.pro/bucket/files/public/giovannimiranda09/2026/05/4d41edc957ab4ec188a6e1d972b777e3.jpg
8f4dc1159557f53a05978d30041e50daa1383cb5b239faa1b9ea580979460117,2138,"1779982830468-34770a5b-3cac-4966-aa80-3cb25fa3e510-dsc04327.jpg",367787,2026-05-28T15:40:30.799965,true,https://99dev.pro/bucket/files/public/giovannimiranda09/2026/05/671ff9361b42403094f2e1c33c8741da.jpg
c08a7d9e0d6772990dc4da6a4ad8c51d9bcd8c9f430eb0ae910496f8a9249dba,2538,"1780087840556-6be695ec-5f9c-4cff-b9f1-a0265e52ece3-dsc04392.jpg",364333,2026-05-29T20:50:40.875227,true,https://99dev.pro/bucket/files/public/giovannimiranda09/2026/05/9a1d46d635f04f5b95249ab52281d552.jpg
c08a7d9e0d6772990dc4da6a4ad8c51d9bcd8c9f430eb0ae910496f8a9249dba,2344,"1779986532339-96f678d3-137c-4f3c-8008-b488bd4a4e5f-dsc04392.jpg",364333,2026-05-28T16:42:12.094492,true,https://99dev.pro/bucket/files/public/giovannimiranda09/2026/05/fb779349621848a091c000e6f483fc94.jpg
c08a7d9e0d6772990dc4da6a4ad8c51d9bcd8c9f430eb0ae910496f8a9249dba,2154,"1779982848738-fb55dfcd-11f6-40ae-9eb7-8a2918b6f843-dsc04392.jpg",364333,2026-05-28T15:40:48.390336,true,https://99dev.pro/bucket/files/public/giovannimiranda09/2026/05/89e2974c3cea4e419bbf2ef782deb5d5.jpg
c08713568fa77622376c683f9b33dcd1f1ed551940e36443354ffef2ba26dc53,2554,"1780087851103-4b55d5c6-9730-46d9-b7e2-74babe5ee64a-dsc04435.jpg",359295,2026-05-29T20:50:51.421660,false,https://99dev.pro/bucket/files/public/giovannimiranda09/2026/05/574c675a88bc47e49aaf82961f410b8a.jpg
c08713568fa77622376c683f9b33dcd1f1ed551940e36443354ffef2ba26dc53,2428,"1779986863585-da600938-479e-412a-83ea-3b83111dbcdb-dsc04435.jpg",359295,2026-05-28T16:47:43.465221,true,https://99dev.pro/bucket/files/public/giovannimiranda09/2026/05/479789f6b6e24e0e8dbc197c4d4351b2.jpg
c08713568fa77622376c683f9b33dcd1f1ed551940e36443354ffef2ba26dc53,2224,"1779983237938-d6e24c7e-3409-44d9-a590-7365a827ed7a-dsc04435.jpg",359295,2026-05-28T15:47:17.505991,true,https://99dev.pro/bucket/files/public/giovannimiranda09/2026/05/335ba294aa3d4cb6ac9a37b12e8a435c.jpg
8507a9031bb630e026890fb9bee13e476fe9616067dbe49a67ddd22db914e529,2540,"1780087841717-9e8f7c4c-3479-4453-b79f-640cb55f0e3d-dsc04394.jpg",351498,2026-05-29T20:50:42.028348,true,https://99dev.pro/bucket/files/public/giovannimiranda09/2026/05/7344d273c000410eadb12bfec4bfa232.jpg
8507a9031bb630e026890fb9bee13e476fe9616067dbe49a67ddd22db914e529,2346,"1779986533939-3559a66f-2529-43da-8993-8f910b20769a-dsc04394.jpg",351498,2026-05-28T16:42:13.578586,true,https://99dev.pro/bucket/files/public/giovannimiranda09/2026/05/9d48f6f246a944aca29031d1f362ca17.jpg
8507a9031bb630e026890fb9bee13e476fe9616067dbe49a67ddd22db914e529,2156,"1779982850215-c5a635e0-62ba-4570-8672-5f2f59147f35-dsc04394.jpg",351498,2026-05-28T15:40:49.982966,true,https://99dev.pro/bucket/files/public/giovannimiranda09/2026/05/d535e64d5c174ccf8f4a4eb97c21cc16.jpg
b9ae1e897f974366558786e50b1b7bb605dfd79c6fcbf380082884d15ac4963d,2524,"1780087830441-65c28fdd-6a9f-49d1-a633-ecf0bdffea91-dsc04196.jpg",306145,2026-05-29T20:50:30.915937,true,https://99dev.pro/bucket/files/public/giovannimiranda09/2026/05/78132e4a70b14549af1b31332f11b6e5.jpg
b9ae1e897f974366558786e50b1b7bb605dfd79c6fcbf380082884d15ac4963d,2400,"1779986804985-0c33042a-e886-4f56-b534-5b6ea18b103b-dsc04196.jpg",306145,2026-05-28T16:46:44.698520,true,https://99dev.pro/bucket/files/public/giovannimiranda09/2026/05/8c79cb0cd4de4e3182e6c4f59ac67418.jpg
b9ae1e897f974366558786e50b1b7bb605dfd79c6fcbf380082884d15ac4963d,2218,"1779983233220-2a4244ff-6bdf-4b0b-80de-b002491d89a9-dsc04196.jpg",306145,2026-05-28T15:47:13.055184,true,https://99dev.pro/bucket/files/public/giovannimiranda09/2026/05/52d420a9481c4f64b6434ef16c19567c.jpg
3de09a4675fde5e5bc5b4a6805ea5cda2e92e595534fa45d8dc724c96d20c25a,2484,"1780087783038-2e57dfce-1192-4ad1-ab78-32bb0b0bc1c8-dsc03376.jpg",287140,2026-05-29T20:49:43.816242,true,https://99dev.pro/bucket/files/public/giovannimiranda09/2026/05/7a9ef0601c2c49eb9f83ee64a5323da3.jpg
3de09a4675fde5e5bc5b4a6805ea5cda2e92e595534fa45d8dc724c96d20c25a,2252,"1779986366596-481b473c-47ea-476b-8f28-99bf5ee632a1-dsc03376.jpg",287140,2026-05-28T16:39:26.270586,true,https://99dev.pro/bucket/files/public/giovannimiranda09/2026/05/313dde8fd42d4523aeb5cc09445f37d9.jpg
3de09a4675fde5e5bc5b4a6805ea5cda2e92e595534fa45d8dc724c96d20c25a,1984,"1779982509449-6de1a81f-055a-438c-a0e1-f7b44a3a964a-dsc03376.jpg",287140,2026-05-28T15:35:09.570120,true,https://99dev.pro/bucket/files/public/giovannimiranda09/2026/05/b2a78197c75542cfa99012f8a58fde36.jpg
0722ac6e62aa724b5cafd221d6828e25f6d1a84145526d810de2c9e42009269e,2522,"1780087829126-4d3611d7-1b4f-4e46-aa3e-95db7ed39e89-dsc04194.jpg",277232,2026-05-29T20:50:29.526564,true,https://99dev.pro/bucket/files/public/giovannimiranda09/2026/05/eb588d153ee047df9816aff92b0d5058.jpg
0722ac6e62aa724b5cafd221d6828e25f6d1a84145526d810de2c9e42009269e,2398,"1779986801537-1dc6200a-1816-40f3-b5dd-4de7ce901a83-dsc04194.jpg",277232,2026-05-28T16:46:41.170833,true,https://99dev.pro/bucket/files/public/giovannimiranda09/2026/05/77a831738f844a579c31f913d4182dd1.jpg
0722ac6e62aa724b5cafd221d6828e25f6d1a84145526d810de2c9e42009269e,2216,"1779983230730-5d2be2e0-27b5-4382-986f-44e1d62e9b4f-dsc04194.jpg",277232,2026-05-28T15:47:10.607952,true,https://99dev.pro/bucket/files/public/giovannimiranda09/2026/05/8f90c9c918154238ab8f5ba5b6ed7f7d.jpg
d8842f17b1b5c16c36f05d3be6f8dea52fe84f0f44818b23462e14c849eda990,2537,"1780087839799-4d585c68-c39f-43c9-bb35-a0fdd097b332-dsc04330-preview.jpg",36593,2026-05-29T20:50:40.020085,true,https://99dev.pro/bucket/files/public/giovannimiranda09/2026/05/e9fbb8ced4284964a1aa3e6cf60fd6ea.jpg
d8842f17b1b5c16c36f05d3be6f8dea52fe84f0f44818b23462e14c849eda990,2331,"1779986521766-eb868ee6-5d8f-42bd-b13f-5ab4e6a96ac8-dsc04330-preview.jpg",36593,2026-05-28T16:42:01.677880,true,https://99dev.pro/bucket/files/public/giovannimiranda09/2026/05/d82c033f7f7948c094b500be5b5054c6.jpg
d8842f17b1b5c16c36f05d3be6f8dea52fe84f0f44818b23462e14c849eda990,2141,"1779982836593-04214d15-1cd9-472a-aedd-7e854c588cef-dsc04330-preview.jpg",36593,2026-05-28T15:40:36.189982,true,https://99dev.pro/bucket/files/public/giovannimiranda09/2026/05/88edb2eb91454d3eb169ba4b50d63a4b.jpg
fce7abd79b1b932f8f9fa223a2e332755bf3952692840c84615b1f467d193f0a,2515,"1780087823592-b6948858-7a41-4f59-8756-9c5fd82fa2f4-dsc04106-preview.jpg",31179,2026-05-29T20:50:23.819160,true,https://99dev.pro/bucket/files/public/giovannimiranda09/2026/05/32c4826a01d749c9b7352985313f9a4b.jpg
fce7abd79b1b932f8f9fa223a2e332755bf3952692840c84615b1f467d193f0a,2379,"1779986767537-4786f197-76b2-4d8b-92a5-ad8e7908df65-dsc04106-preview.jpg",31179,2026-05-28T16:46:07.087778,true,https://99dev.pro/bucket/files/public/giovannimiranda09/2026/05/12c7c1a62cb446fc93b9b121b297bc5e.jpg
fce7abd79b1b932f8f9fa223a2e332755bf3952692840c84615b1f467d193f0a,2091,"1779982732704-d7341a3b-ef56-4b4b-8ad6-5e3737a1a6c9-dsc04106-preview.jpg",31179,2026-05-28T15:38:52.185495,true,https://99dev.pro/bucket/files/public/giovannimiranda09/2026/05/01139f86a14c4cf9829158c44e595f41.jpg
12dfaa99fc918f05d2571cb265daf16743cbce893d9c92e282ac2470aedd5e5b,2549,"1780087847101-6bb505ce-e5d1-40c4-95f9-0a2565f8c72b-dsc04418-preview.jpg",30330,2026-05-29T20:50:47.332502,true,https://99dev.pro/bucket/files/public/giovannimiranda09/2026/05/093c2d0a60314216b05fb257b7859cab.jpg
12dfaa99fc918f05d2571cb265daf16743cbce893d9c92e282ac2470aedd5e5b,2423,"1779986854156-715749ed-ee73-4a9b-9829-c59ce8698bc9-dsc04418-preview.jpg",30330,2026-05-28T16:47:33.870058,true,https://99dev.pro/bucket/files/public/giovannimiranda09/2026/05/e406e9abb7eb454780479cd59ca69821.jpg
12dfaa99fc918f05d2571cb265daf16743cbce893d9c92e282ac2470aedd5e5b,2165,"1779982866609-7fda0fba-6fea-45b8-8e67-dad775e04c88-dsc04418-preview.jpg",30330,2026-05-28T15:41:06.185356,true,https://99dev.pro/bucket/files/public/giovannimiranda09/2026/05/ea903409a2e140a681cdead822e2d716.jpg
7e217b62e34e6136725ab264dd3afb0571ef2118f98b40c524f68468dd7a5130,2553,"1780087850355-a825f6da-a240-4a05-ac9f-6ac47a359bfd-dsc04427-preview.jpg",26618,2026-05-29T20:50:50.552644,true,https://99dev.pro/bucket/files/public/giovannimiranda09/2026/05/1d1e923d8d9749b19a0035ece608464a.jpg
7e217b62e34e6136725ab264dd3afb0571ef2118f98b40c524f68468dd7a5130,2427,"1779986861667-2cc7f52d-20ad-49d4-9d0d-757192b29e70-dsc04427-preview.jpg",26618,2026-05-28T16:47:41.263693,true,https://99dev.pro/bucket/files/public/giovannimiranda09/2026/05/96855b223fb54f4b97b55f5218a20921.jpg
7e217b62e34e6136725ab264dd3afb0571ef2118f98b40c524f68468dd7a5130,2223,"1779983237012-2a23429d-4219-4382-9202-bc7881537e79-dsc04427-preview.jpg",26618,2026-05-28T15:47:16.558160,true,https://99dev.pro/bucket/files/public/giovannimiranda09/2026/05/f3df7078a9bf41c09ee23e179cca4e05.jpg
dedfb3965d0b166c07a389179ceeacdbaef6d55c1d15d91e0a328e6bb80aa2ba,2543,"1780087843447-12a0a16d-7e2f-42ca-8edf-c0effd7e3e19-dsc04400-preview.jpg",26210,2026-05-29T20:50:43.652882,true,https://99dev.pro/bucket/files/public/giovannimiranda09/2026/05/16f4c7e894ea40d8b2e173280db7ecc3.jpg
dedfb3965d0b166c07a389179ceeacdbaef6d55c1d15d91e0a328e6bb80aa2ba,2417,"1779986843524-041e3283-7cf4-4354-8060-745241a4fd64-dsc04400-preview.jpg",26210,2026-05-28T16:47:23.172094,true,https://99dev.pro/bucket/files/public/giovannimiranda09/2026/05/634e41955bc1421188d9ff32f8e5012e.jpg
dedfb3965d0b166c07a389179ceeacdbaef6d55c1d15d91e0a328e6bb80aa2ba,2159,"1779982855690-6e5636e1-9bd4-473a-9ff9-4b20182e0d04-dsc04400-preview.jpg",26210,2026-05-28T15:40:55.148661,true,https://99dev.pro/bucket/files/public/giovannimiranda09/2026/05/f41da1299bed4c9abd662ecf14b91e80.jpg
e0ffb57e4be17c43f06191312d61848087db57e68c3f2698d26623a2560bbc80,2517,"1780087825096-3f714bdd-5614-45e6-b40c-6ed8dd8e4903-dsc04107-preview.jpg",26086,2026-05-29T20:50:25.315910,true,https://99dev.pro/bucket/files/public/giovannimiranda09/2026/05/81698d71cba34fe593e560be09005112.jpg
e0ffb57e4be17c43f06191312d61848087db57e68c3f2698d26623a2560bbc80,2381,"1779986770176-200d44c9-4b0c-4222-bc26-cca8119194d8-dsc04107-preview.jpg",26086,2026-05-28T16:46:09.721356,true,https://99dev.pro/bucket/files/public/giovannimiranda09/2026/05/3aae47c9547b49fcba2cb37d4407a990.jpg
e0ffb57e4be17c43f06191312d61848087db57e68c3f2698d26623a2560bbc80,2093,"1779982736230-8ee32212-daa6-410e-bd8b-ae8633b63bcc-dsc04107-preview.jpg",26086,2026-05-28T15:38:55.782591,true,https://99dev.pro/bucket/files/public/giovannimiranda09/2026/05/b5ad1bf980564f76a0a08a18ca81778a.jpg
ec462ea92ec2d876ed7380d5b7fccf66ada37f62aeb039f5fd460799e7937cca,2545,"1780087844636-fdfc7c4d-c214-481d-bebf-eddf7734979e-dsc04402-preview.jpg",25621,2026-05-29T20:50:44.929139,true,https://99dev.pro/bucket/files/public/giovannimiranda09/2026/05/0adb5b9903254578b01715ebe2a9a1e2.jpg
ec462ea92ec2d876ed7380d5b7fccf66ada37f62aeb039f5fd460799e7937cca,2419,"1779986847070-d087ceb1-4ba4-45c1-b2bb-dddced3c4715-dsc04402-preview.jpg",25621,2026-05-28T16:47:26.601463,true,https://99dev.pro/bucket/files/public/giovannimiranda09/2026/05/f3d992bb37d945cea2c2fec0b52c57d7.jpg
ec462ea92ec2d876ed7380d5b7fccf66ada37f62aeb039f5fd460799e7937cca,2161,"1779982859129-17d35fc7-f87e-4cea-b19a-9c86f20d8c46-dsc04402-preview.jpg",25621,2026-05-28T15:40:58.598623,true,https://99dev.pro/bucket/files/public/giovannimiranda09/2026/05/6d95f9b22632459da5e2a69ea6a72a1e.jpg
3a026372e7a4739364cd909590e0b25bf8c6245ebd7c6a61b6306b0ccc90a93e,2547,"1780087845881-3ed7cda6-cfc1-4817-85ec-8f22498d313e-dsc04409-preview.jpg",25110,2026-05-29T20:50:46.108951,true,https://99dev.pro/bucket/files/public/giovannimiranda09/2026/05/04ed43b5c99a4986bc287dfe9d97cfb1.jpg
3a026372e7a4739364cd909590e0b25bf8c6245ebd7c6a61b6306b0ccc90a93e,2421,"1779986850677-e3cc501f-651e-4754-bf3c-da1e82339d07-dsc04409-preview.jpg",25110,2026-05-28T16:47:30.219416,true,https://99dev.pro/bucket/files/public/giovannimiranda09/2026/05/ffe01843e0284c26b294dc537ddec061.jpg
3a026372e7a4739364cd909590e0b25bf8c6245ebd7c6a61b6306b0ccc90a93e,2163,"1779982862795-cb4f87f2-1729-4a7f-9688-16757f21efba-dsc04409-preview.jpg",25110,2026-05-28T15:41:02.459215,true,https://99dev.pro/bucket/files/public/giovannimiranda09/2026/05/e9cb4763b0af477f941df19121248e39.jpg
541a0ce75564fff12d12a22fb1a03eb01a88d4dda17a2443a04883720b768054,2551,"1780087849038-0280831e-b4b1-4a45-8252-5b064a7f042b-dsc04426-preview.jpg",24668,2026-05-29T20:50:49.289591,true,https://99dev.pro/bucket/files/public/giovannimiranda09/2026/05/50dca0b5ce1e4a2f819780d2ee785416.jpg
541a0ce75564fff12d12a22fb1a03eb01a88d4dda17a2443a04883720b768054,2425,"1779986857831-ae316ddb-2ba5-4396-9c16-dd0d8bcf764b-dsc04426-preview.jpg",24668,2026-05-28T16:47:37.405924,true,https://99dev.pro/bucket/files/public/giovannimiranda09/2026/05/bcf1d4011091429aabecd1afe9fd613b.jpg
541a0ce75564fff12d12a22fb1a03eb01a88d4dda17a2443a04883720b768054,2167,"1779982870159-a1f3e2bc-5610-43f6-8858-def53de64d96-dsc04426-preview.jpg",24668,2026-05-28T15:41:09.679333,true,https://99dev.pro/bucket/files/public/giovannimiranda09/2026/05/0d6d81d3e75443e397de2adbdffea203.jpg
51ca186cd33ceb2753e24fe2eaed1952d30834353e2f1098922cc5773c8e0d23,2539,"1780087840984-80dbc433-4e72-4e52-a99f-2b60431d498e-dsc04392-preview.jpg",24493,2026-05-29T20:50:41.215403,true,https://99dev.pro/bucket/files/public/giovannimiranda09/2026/05/65d592736c19455492fb56e8bb45889b.jpg
51ca186cd33ceb2753e24fe2eaed1952d30834353e2f1098922cc5773c8e0d23,2345,"1779986533014-8feaf44c-f5d0-4f2f-9094-b2a279686147-dsc04392-preview.jpg",24493,2026-05-28T16:42:12.615730,true,https://99dev.pro/bucket/files/public/giovannimiranda09/2026/05/49e40de75e1443e482d262f109b167a3.jpg
51ca186cd33ceb2753e24fe2eaed1952d30834353e2f1098922cc5773c8e0d23,2155,"1779982849306-fa57b5af-8b77-48d5-b0ac-e625f85981fc-dsc04392-preview.jpg",24493,2026-05-28T15:40:48.879100,true,https://99dev.pro/bucket/files/public/giovannimiranda09/2026/05/d4a689e355d44f11bc2da54668c88dda.jpg
531158191bbfc15cdd70bb22649fd91792231ba55129620ad843e8956a8112d8,2541,"1780087842135-6200fe8d-168b-4118-87b6-a544f4ea0cf0-dsc04394-preview.jpg",23926,2026-05-29T20:50:42.383815,true,https://99dev.pro/bucket/files/public/giovannimiranda09/2026/05/faa7f840cd1f44649b412d40d1eaa070.jpg
531158191bbfc15cdd70bb22649fd91792231ba55129620ad843e8956a8112d8,2347,"1779986534465-63ba1df5-522f-47bb-bb4e-e0b56c947985-dsc04394-preview.jpg",23926,2026-05-28T16:42:13.996280,true,https://99dev.pro/bucket/files/public/giovannimiranda09/2026/05/487b5e5dc61a4900b446341a7a465aca.jpg
531158191bbfc15cdd70bb22649fd91792231ba55129620ad843e8956a8112d8,2157,"1779982851971-11efea36-4bd1-4776-99a6-f2c72e2eefdb-dsc04394-preview.jpg",23926,2026-05-28T15:40:51.603556,true,https://99dev.pro/bucket/files/public/giovannimiranda09/2026/05/f480400c670d42e4bc4666d69448436e.jpg
667754f4358c94e065e857bb1861032eb057a5e5ec92dec080fc302883ee4013,2535,"1780087838373-60816a73-7357-49eb-9a58-4bed80057785-dsc04327-preview.jpg",22563,2026-05-29T20:50:38.624940,true,https://99dev.pro/bucket/files/public/giovannimiranda09/2026/05/39509f2008e14607a5c60ec3d623dbff.jpg
667754f4358c94e065e857bb1861032eb057a5e5ec92dec080fc302883ee4013,2329,"1779986520256-26dc9942-d6aa-4b8c-bd48-f0210ef08e55-dsc04327-preview.jpg",22563,2026-05-28T16:41:59.777422,true,https://99dev.pro/bucket/files/public/giovannimiranda09/2026/05/548f39bb6d094735a4fc28b08f0ccf4e.jpg
667754f4358c94e065e857bb1861032eb057a5e5ec92dec080fc302883ee4013,2139,"1779982832791-9e6239c5-a04f-4081-8f3f-1337ff6ccb66-dsc04327-preview.jpg",22563,2026-05-28T15:40:32.310463,true,https://99dev.pro/bucket/files/public/giovannimiranda09/2026/05/19799b8d1ece4180a2d054a0e3956b5d.jpg
7ecd986800f3694070ba2dd2467447de82133b8e45db60191d9bf25257977b83,2485,"1780087783979-8d532c83-71ea-428a-bcbb-da2c50defdef-dsc03376-preview.jpg",22374,2026-05-29T20:49:44.266044,true,https://99dev.pro/bucket/files/public/giovannimiranda09/2026/05/060c295f6be14e608204c3d906e9d4b0.jpg
7ecd986800f3694070ba2dd2467447de82133b8e45db60191d9bf25257977b83,2253,"1779986368176-099f95f7-4df2-4a5a-965b-46ebc4700a85-dsc03376-preview.jpg",22374,2026-05-28T16:39:27.786539,true,https://99dev.pro/bucket/files/public/giovannimiranda09/2026/05/fbebf7ec57c94a7b902dfbf0aa4858aa.jpg
7ecd986800f3694070ba2dd2467447de82133b8e45db60191d9bf25257977b83,1985,"1779982511427-c9e08d12-7c9b-4573-8e73-c71ee983ba49-dsc03376-preview.jpg",22374,2026-05-28T15:35:10.958754,true,https://99dev.pro/bucket/files/public/giovannimiranda09/2026/05/b32eb0104bde4dacb770f041c79383c2.jpg
e785d05b65cbd393651a02fc8534648c5647862362c91e7dac493d646fc1cf5f,2525,"1780087831031-1c97d282-ac84-42c3-8ca4-a4cbebaa2568-dsc04196-preview.jpg",20231,2026-05-29T20:50:31.239499,true,https://99dev.pro/bucket/files/public/giovannimiranda09/2026/05/f2d109730726474e8a87f8eb73217a3b.jpg
e785d05b65cbd393651a02fc8534648c5647862362c91e7dac493d646fc1cf5f,2401,"1779986806592-155503e2-2c77-4057-823a-cf2986aa688f-dsc04196-preview.jpg",20231,2026-05-28T16:46:46.180778,true,https://99dev.pro/bucket/files/public/giovannimiranda09/2026/05/057a3c744f564c32829d4ae00c909e5c.jpg
e785d05b65cbd393651a02fc8534648c5647862362c91e7dac493d646fc1cf5f,2219,"1779983233970-94cd01aa-ef4f-4e72-b924-6d7b3a49df11-dsc04196-preview.jpg",20231,2026-05-28T15:47:13.554662,true,https://99dev.pro/bucket/files/public/giovannimiranda09/2026/05/eeeb0420bad1423e9fcfc58b302b395f.jpg
42c751c1877fdd9b6bb0d751d77b895a5218e910a4530b173fdfd84b95283def,2523,"1780087829679-5cf80aaa-f971-4bae-b437-92b49e092b45-dsc04194-preview.jpg",17542,2026-05-29T20:50:29.881774,true,https://99dev.pro/bucket/files/public/giovannimiranda09/2026/05/d26e2314da184a858978f83083ff6caa.jpg
42c751c1877fdd9b6bb0d751d77b895a5218e910a4530b173fdfd84b95283def,2399,"1779986803076-e3c629b8-a80d-4071-8279-8a4003cfc4bb-dsc04194-preview.jpg",17542,2026-05-28T16:46:42.606234,true,https://99dev.pro/bucket/files/public/giovannimiranda09/2026/05/c233e9df55b04ae18df5746fa3e6638b.jpg
42c751c1877fdd9b6bb0d751d77b895a5218e910a4530b173fdfd84b95283def,2217,"1779983231644-c9347643-1612-4a18-b638-6dac97597066-dsc04194-preview.jpg",17542,2026-05-28T15:47:11.179886,true,https://99dev.pro/bucket/files/public/giovannimiranda09/2026/05/72ccba2c3e2a471d8b99daeed5756ab4.jpg
1275e708fa2cc1754bf175421155480845ff88c0b7584f4f55df3f0c97050067,1944,"1779937835561-8c1f732e-b741-4e42-b5f6-3eb93a96c591-c0351.mp4",59724411,2026-05-28T03:11:00.697105,true,https://99dev.pro/bucket/files/public/giovannimiranda09/2026/05/bb73fff9731e44feb80401a5570ce274.mp4
1275e708fa2cc1754bf175421155480845ff88c0b7584f4f55df3f0c97050067,1943,"1779936024113-b300032b-579a-4d88-9282-219424e3c864-c0351.mp4",59724411,2026-05-28T02:40:44.711056,false,https://99dev.pro/bucket/files/public/giovannimiranda09/2026/05/0b692af2c0d44ed59fc9248d3b997474.mp4
f64fe02714c80424d8eee543bd6a2438c8aa9506b13ab8656fea4059199cdb2d,1941,"1779935972970-3966e295-06cb-4b87-9857-f06ba6385928-c0347.mp4",37742583,2026-05-28T02:39:46.007443,true,https://99dev.pro/bucket/files/public/giovannimiranda09/2026/05/557963b2937b49d9a36036186ce444be.mp4
f64fe02714c80424d8eee543bd6a2438c8aa9506b13ab8656fea4059199cdb2d,1940,"1779934302934-559a10ca-eb07-4b8e-b327-15d24f8bef1d-c0347.mp4",37742583,2026-05-28T02:12:03.545094,false,https://99dev.pro/bucket/files/public/giovannimiranda09/2026/05/6e3486f58b6248ae95efd06add73da73.mp4
e7338f5d02dffc113e92604b9559f1f5e41ac458b3f4ab499aadbde5d14c6deb,2270,"1779986412229-f8a998d0-f89b-4d8e-998e-ca2040af1145-dsc03561.jpg",737187,2026-05-28T16:40:12.298896,true,https://99dev.pro/bucket/files/public/giovannimiranda09/2026/05/d58421d09f404cff970882c232c817a5.jpg
e7338f5d02dffc113e92604b9559f1f5e41ac458b3f4ab499aadbde5d14c6deb,2004,"1779982549511-9160517e-2a80-4eb9-aa7f-afc579f7235e-dsc03561.jpg",737187,2026-05-28T15:35:49.386980,true,https://99dev.pro/bucket/files/public/giovannimiranda09/2026/05/ca7306f4a0754acab0b7ddbb73cfb708.jpg
1d78af845907d85cbf132371632e600f74f1fc3db3810e6dc9aa22b738dfccb3,2382,"1779986772229-6256c60b-2684-437f-b58c-284024ac9375-dsc04128.jpg",666712,2026-05-28T16:46:12.017705,true,https://99dev.pro/bucket/files/public/giovannimiranda09/2026/05/dbdfc7f85aef4a488b4333ad4f9e3163.jpg
1d78af845907d85cbf132371632e600f74f1fc3db3810e6dc9aa22b738dfccb3,2094,"1779982738242-1d5ac769-ed78-42d7-af57-38755694f1d8-dsc04128.jpg",666712,2026-05-28T15:38:57.955555,true,https://99dev.pro/bucket/files/public/giovannimiranda09/2026/05/39d91c001590480e95c3ca84cce0e8ce.jpg
cb9e08fc98bd64d2e08c73a80b5e55897d945631cc9b1022dbcf0dbb27104830,2292,"1779986456268-8da7efdb-ab55-41e7-b410-5b04b49b3eca-dsc03795.jpg",601279,2026-05-28T16:40:56.099953,true,https://99dev.pro/bucket/files/public/giovannimiranda09/2026/05/d0da9ac22ef8474499dd65d6a89cf875.jpg
cb9e08fc98bd64d2e08c73a80b5e55897d945631cc9b1022dbcf0dbb27104830,2032,"1779982614624-cfa96a20-f14d-4824-8f4e-e87a9440297d-dsc03795.jpg",601279,2026-05-28T15:36:54.720705,true,https://99dev.pro/bucket/files/public/giovannimiranda09/2026/05/af34f19e3c04436b89277b054d6020d5.jpg
e47ae8e191b9662e67db4ba5716a8c048da772c74b294ea720fe181a037235fe,2512,"1780087820939-e3c6eb52-0b59-48d4-9f72-1a4322031bea-dsc04104.jpg",593308,2026-05-29T20:50:21.648812,true,https://99dev.pro/bucket/files/public/giovannimiranda09/2026/05/1a673410addd41f58ea0aada3e0939b9.jpg
e47ae8e191b9662e67db4ba5716a8c048da772c74b294ea720fe181a037235fe,2088,"1779982727480-d36a0b47-8971-4423-9be7-49e195c9462c-dsc04104.jpg",593308,2026-05-28T15:38:47.157318,true,https://99dev.pro/bucket/files/public/giovannimiranda09/2026/05/3f151153a5a34fd9aadd86eb998ec026.jpg
da5877d14ccb7217682e36b705cbfae7e01bcbdc9baf6bb8e2f6f3aba4fdd525,2278,"1779986427406-ae2525b1-f980-4417-8528-1ae943f3b41a-dsc03606.jpg",583761,2026-05-28T16:40:27.202554,true,https://99dev.pro/bucket/files/public/giovannimiranda09/2026/05/05645880294b48a4a95412f1cc8f9aee.jpg
da5877d14ccb7217682e36b705cbfae7e01bcbdc9baf6bb8e2f6f3aba4fdd525,2012,"1779982569276-b7ca57df-e5fd-4a4d-b126-28026494a05c-dsc03606.jpg",583761,2026-05-28T15:36:09.294220,true,https://99dev.pro/bucket/files/public/giovannimiranda09/2026/05/4549baa6f9c248d39512f7acf8636df9.jpg
3ed74a0d620b975b7986acc5d067dd7307a07179f833e63e63e72ea96c81e8d2,2274,"1779986419817-e64fcab9-4f50-4eda-ae29-8291b2d4298e-dsc03590.jpg",578776,2026-05-28T16:40:19.670270,true,https://99dev.pro/bucket/files/public/giovannimiranda09/2026/05/aae804f59ac84f698d4f0788c95e04af.jpg
3ed74a0d620b975b7986acc5d067dd7307a07179f833e63e63e72ea96c81e8d2,2008,"1779982558894-fe915cc4-dec8-48fa-9ba4-436c46d97685-dsc03590.jpg",578776,2026-05-28T15:35:58.752840,true,https://99dev.pro/bucket/files/public/giovannimiranda09/2026/05/2a4e54f75ad54ed7866a9a2e337f8f3a.jpg
2faa533e8102de1e5f3ab428a2f6039471025310b566164f872c37a1aa052f88,2280,"1779986431122-f0222cc3-2b57-4df7-b06d-f6618e682ffc-dsc03659.jpg",572250,2026-05-28T16:40:30.898876,true,https://99dev.pro/bucket/files/public/giovannimiranda09/2026/05/4181b88b6a4c4318afc89fd3e38e78b0.jpg
2faa533e8102de1e5f3ab428a2f6039471025310b566164f872c37a1aa052f88,2014,"1779982574569-e00207e5-ae9c-4ee3-898c-d4ffd09fadd3-dsc03659.jpg",572250,2026-05-28T15:36:14.515950,true,https://99dev.pro/bucket/files/public/giovannimiranda09/2026/05/b0dacd480b2342f5a83f80bf9e3cbd81.jpg
e4226730ee9531f80d7821fb6ebbaa9208db174e465917e736953b80d2716e54,2276,"1779986423534-ca5fd310-e1d2-4905-a267-f73a678483f5-dsc03604.jpg",567850,2026-05-28T16:40:23.395542,true,https://99dev.pro/bucket/files/public/giovannimiranda09/2026/05/11eee3ee5de74f82a8589fb5f76c52ad.jpg
e4226730ee9531f80d7821fb6ebbaa9208db174e465917e736953b80d2716e54,2010,"1779982563967-e08bae0c-99ab-491e-99a5-238bd17f0087-dsc03604.jpg",567850,2026-05-28T15:36:03.948599,true,https://99dev.pro/bucket/files/public/giovannimiranda09/2026/05/598940f7e18e41f3b42ae9c35cf82801.jpg
e0299cd3450e04ed8372aba89a56210573b44f4773f75f5c48b3b3a2eeecd03a,2302,"1779986464504-fc3964d2-cd5b-4e61-979c-2ad2ef121f59-dsc03861.jpg",567267,2026-05-28T16:41:04.313045,true,https://99dev.pro/bucket/files/public/giovannimiranda09/2026/05/c5874f6115e946b894dfa48ed07e82d2.jpg
e0299cd3450e04ed8372aba89a56210573b44f4773f75f5c48b3b3a2eeecd03a,2042,"1779982634134-bd4406a1-6024-4367-beec-0514827c510e-dsc03861.jpg",567267,2026-05-28T15:37:14.267260,true,https://99dev.pro/bucket/files/public/giovannimiranda09/2026/05/c855a062e15043caadcc7b861320f4a6.jpg
f82d47588121964e0be9b76d086d5fcc79d9c71a4810daa2e4f46d8f22638c89,2310,"1779986470911-b6637eb0-16cf-46ef-8f92-8b804d4b049a-dsc03904.jpg",552810,2026-05-28T16:41:10.687986,true,https://99dev.pro/bucket/files/public/giovannimiranda09/2026/05/0695ef67e6744e1d859d48be86fa0ee4.jpg
f82d47588121964e0be9b76d086d5fcc79d9c71a4810daa2e4f46d8f22638c89,2048,"1779982647741-5c8b4009-6b89-4845-b7cc-60bcbb55ceda-dsc03904.jpg",552810,2026-05-28T15:37:28.205283,true,https://99dev.pro/bucket/files/public/giovannimiranda09/2026/05/599854447b794fea8f0e485be8592844.jpg
bfc32a6ab686580d0badfecc85c1a18a507f7184b1e482fa02b3113bcfbcf58b,2312,"1779986472589-24acea46-61d8-455f-be63-ae1cbf3b22ad-dsc03906.jpg",551844,2026-05-28T16:41:12.519972,true,https://99dev.pro/bucket/files/public/giovannimiranda09/2026/05/3aa9196c7ca64418a12cdd10dcb31a69.jpg
bfc32a6ab686580d0badfecc85c1a18a507f7184b1e482fa02b3113bcfbcf58b,2050,"1779982652165-8d4ec46f-db07-4f70-bada-e8ebea7c5bff-dsc03906.jpg",551844,2026-05-28T15:37:32.169472,true,https://99dev.pro/bucket/files/public/giovannimiranda09/2026/05/7c12cbee0a7f4b508d4b8893c9ecbd9b.jpg
aa1a91d50e7a168258ae55cfe59274d7bc49c8d611d059c5d8387c153db243d9,2244,"1779986352286-5cbc77f4-1cbb-4833-b314-6ffd4336759a-dsc03332.jpg",550284,2026-05-28T16:39:12.104875,true,https://99dev.pro/bucket/files/public/giovannimiranda09/2026/05/ee7de2fae2bf4f33b7c9cd7cc6c79e49.jpg
aa1a91d50e7a168258ae55cfe59274d7bc49c8d611d059c5d8387c153db243d9,1976,"1779982494426-fe1ede62-b687-47d5-b340-b7b7117bfad1-dsc03332.jpg",550284,2026-05-28T15:34:54.061258,true,https://99dev.pro/bucket/files/public/giovannimiranda09/2026/05/dcaf7dc553764487b69a14f4bcc8c506.jpg
e78f6799d9a13aaeeca5757eba2125237dfafff279221759e333b2fb48026b62,2268,"1779986408458-107a8e8f-173a-45b2-b75a-7b9e0daa818b-dsc03553.jpg",543964,2026-05-28T16:40:08.313670,true,https://99dev.pro/bucket/files/public/giovannimiranda09/2026/05/1f9c46b6d8ca45439d969dd488587cc3.jpg
e78f6799d9a13aaeeca5757eba2125237dfafff279221759e333b2fb48026b62,2002,"1779982544524-89ea169f-3336-4213-a35e-effeb0dee70e-dsc03553.jpg",543964,2026-05-28T15:35:44.182419,true,https://99dev.pro/bucket/files/public/giovannimiranda09/2026/05/c2f944ca83d94b1ea2e77a2475650f91.jpg
bd6c9fc69030bf2e5edd58dc94c9250f5fbbd8d9ea3954f0ef93d0bbb1d39337,2242,"1779986348416-aa93f8f3-dc91-4c43-9b46-45727b013396-dsc03331.jpg",538489,2026-05-28T16:39:08.162020,true,https://99dev.pro/bucket/files/public/giovannimiranda09/2026/05/cc43eaa0a7844bdd9e376ab17549ef9c.jpg
bd6c9fc69030bf2e5edd58dc94c9250f5fbbd8d9ea3954f0ef93d0bbb1d39337,1974,"1779982490793-fd0923fb-cd45-4d9b-a51b-27a0d6394fb8-dsc03331.jpg",538489,2026-05-28T15:34:50.397381,true,https://99dev.pro/bucket/files/public/giovannimiranda09/2026/05/7211d91c9f924e3e8b469ca2fc9aa95c.jpg
86c982bd58443d0393773ed5fc67e242fad63227bfc465e1fb14b0930c1f6307,2298,"1779986460698-a2b286d0-6681-4cc8-aa36-569599d4ab76-dsc03827.jpg",533681,2026-05-28T16:41:00.469693,true,https://99dev.pro/bucket/files/public/giovannimiranda09/2026/05/84ad8d38a6f54e84b97516c5a84a80b1.jpg
86c982bd58443d0393773ed5fc67e242fad63227bfc465e1fb14b0930c1f6307,2038,"1779982626023-2f0e6e1a-aa67-4a2b-8228-f7b4c01880a7-dsc03827.jpg",533681,2026-05-28T15:37:06.006478,true,https://99dev.pro/bucket/files/public/giovannimiranda09/2026/05/0cdea14d0ffe4f9ab7903887c51f7707.jpg
0c54876479ff841e27a065cf2abb0b75f70977c5f1b087912a7def567061f062,2300,"1779986462441-57d941d1-1459-4568-96a3-bc4c261276c1-dsc03832.jpg",528884,2026-05-28T16:41:02.701935,true,https://99dev.pro/bucket/files/public/giovannimiranda09/2026/05/2f0a12753f774c82b82a60f9276f1caf.jpg
0c54876479ff841e27a065cf2abb0b75f70977c5f1b087912a7def567061f062,2040,"1779982629916-99dfb18d-fdb4-4a07-9b2d-68fcdafda09d-dsc03832.jpg",528884,2026-05-28T15:37:10.190616,true,https://99dev.pro/bucket/files/public/giovannimiranda09/2026/05/b862f0e1fa8a43849e4cf82e06ca7b45.jpg
0cf2f0c6f122b7ebab080ea15df6e49708bdabc205a420738d6975e56ce26c21,2282,"1779986434717-9bf636b7-fbff-4b6c-918e-750505e209b3-dsc03663.jpg",519832,2026-05-28T16:40:34.890608,true,https://99dev.pro/bucket/files/public/giovannimiranda09/2026/05/0c18c2a2e8174829add13f2a88f0b388.jpg
0cf2f0c6f122b7ebab080ea15df6e49708bdabc205a420738d6975e56ce26c21,2016,"1779982579635-c4b3361a-66db-4d7b-bc6f-f7e1b5666b7a-dsc03663.jpg",519832,2026-05-28T15:36:19.480326,true,https://99dev.pro/bucket/files/public/giovannimiranda09/2026/05/641b743242ad4e04a5969074bdf36403.jpg
513534485d048a7190b030fdf0eb0d1fe1584210502871e05e1134a99793c278,2304,"1779986466290-d9361f78-babe-4e9a-8f58-f1da52fded42-dsc03877.jpg",508996,2026-05-28T16:41:06.010055,true,https://99dev.pro/bucket/files/public/giovannimiranda09/2026/05/64e5876af2cf467a8c6e3ee2a69c5a5c.jpg
513534485d048a7190b030fdf0eb0d1fe1584210502871e05e1134a99793c278,2044,"1779982638194-9462b878-66e1-447f-87bd-ce46e962d029-dsc03877.jpg",508996,2026-05-28T15:37:18.328864,true,https://99dev.pro/bucket/files/public/giovannimiranda09/2026/05/76380e064f2e4ba4b5b7b15b79b5e4aa.jpg
9af37bbc875adf7e5a2202fb96018af741060f4a14de8c5688c0ea2002fc9a71,2362,"1779986724450-be80d16d-3875-4058-82fd-d93b433388fe-dsc03705.jpg",504622,2026-05-28T16:45:24.167123,true,https://99dev.pro/bucket/files/public/giovannimiranda09/2026/05/1802226132974902985baf7357760a7f.jpg
9af37bbc875adf7e5a2202fb96018af741060f4a14de8c5688c0ea2002fc9a71,2022,"1779982595925-b6f37b3f-1b2a-4651-a878-27251af382a0-dsc03705.jpg",504622,2026-05-28T15:36:35.880414,true,https://99dev.pro/bucket/files/public/giovannimiranda09/2026/05/ce508522a03945e3989363835fbce05b.jpg
ef8ac87ad9f3068f1d31bcf978d0823a9722cfc3f46208a554cf6956db90f5a9,2284,"1779986438730-745e5209-a081-4da8-a101-d483100c89a8-dsc03664.jpg",504620,2026-05-28T16:40:38.547459,true,https://99dev.pro/bucket/files/public/giovannimiranda09/2026/05/6db18d14c3304435bb45f0d043f9ece5.jpg
ef8ac87ad9f3068f1d31bcf978d0823a9722cfc3f46208a554cf6956db90f5a9,2018,"1779982586226-9b81090c-cc4e-458e-89ae-28cf4c4a5786-dsc03664.jpg",504620,2026-05-28T15:36:26.082756,true,https://99dev.pro/bucket/files/public/giovannimiranda09/2026/05/36aaa16f70c348c9b89b5cc7975f58b1.jpg
cc83cb2d89da4343c41da2ffb5361c8e2e6cf89e762fcee479126808a9a271f7,2308,"1779986469366-33b95e1b-6274-460b-841d-e6562d3f4f45-dsc03882.jpg",473948,2026-05-28T16:41:09.066806,true,https://99dev.pro/bucket/files/public/giovannimiranda09/2026/05/582f1f3a9f4b4f328fb8a31d3d27b596.jpg
cc83cb2d89da4343c41da2ffb5361c8e2e6cf89e762fcee479126808a9a271f7,2210,"1779983225333-cc37b28d-d4a4-48c5-acc4-17d3cd1a7738-dsc03882.jpg",473948,2026-05-28T15:47:04.958462,true,https://99dev.pro/bucket/files/public/giovannimiranda09/2026/05/1086163caa0d421ba95a13a874ae2492.jpg
8817e73d85f7a04b96badf53feba0960e453386685827d69e5e3b29fa66c520f,2320,"1779986513494-c4f4cc6c-af7a-424d-bc07-6d698c1b74e3-dsc04293.jpg",469021,2026-05-28T16:41:53.284907,true,https://99dev.pro/bucket/files/public/giovannimiranda09/2026/05/213878f98a1f44f2af153e06db771460.jpg
8817e73d85f7a04b96badf53feba0960e453386685827d69e5e3b29fa66c520f,2132,"1779982816924-414e2afb-f76d-41aa-a539-c5f6f264a211-dsc04293.jpg",469021,2026-05-28T15:40:16.656044,true,https://99dev.pro/bucket/files/public/giovannimiranda09/2026/05/cf12a0cd366345c5b540651e9af4b55a.jpg
d17945cae7a1b9983e14b3da5f2db73a320f656cf1dc68f839c02038b3455ed0,2342,"1779986530837-7d06eeba-c302-4f40-82b4-225ebf75d748-dsc04387.jpg",464609,2026-05-28T16:42:10.585327,true,https://99dev.pro/bucket/files/public/giovannimiranda09/2026/05/d937116198654e6aaf0484c81aef64ee.jpg
d17945cae7a1b9983e14b3da5f2db73a320f656cf1dc68f839c02038b3455ed0,2152,"1779982846703-a0d7f82a-0da9-4492-8a1c-ef5cdfe0e981-dsc04387.jpg",464609,2026-05-28T15:40:46.402108,true,https://99dev.pro/bucket/files/public/giovannimiranda09/2026/05/c12b0880ac684118a5c83b67d7c97ba5.jpg
e01393d692e4e3a7551c35cb21308e6abadd231c1e7a9754879e281272eadff5,2370,"1779986738849-f4521d76-f70a-4c52-ad55-da5f3d9207e2-dsc03920.jpg",455334,2026-05-28T16:45:38.867479,true,https://99dev.pro/bucket/files/public/giovannimiranda09/2026/05/a5d89a205e634781a51270e09b37460d.jpg
e01393d692e4e3a7551c35cb21308e6abadd231c1e7a9754879e281272eadff5,2058,"1779982667297-b4c2b436-4bf2-48d4-8d4a-262d3cd67698-dsc03920.jpg",455334,2026-05-28T15:37:47.189779,true,https://99dev.pro/bucket/files/public/giovannimiranda09/2026/05/1fc645bfc575461d89b3c6d6f308c068.jpg
3f714ecf42e505c242c593284cd01bc2df4b203b4864e3dcfa0d724b4dd70796,2486,"1780087784895-3d736827-06bf-4b59-9753-191d47a4dafe-dsc03993.jpg",448497,2026-05-29T20:49:45.478606,true,https://99dev.pro/bucket/files/public/giovannimiranda09/2026/05/c0722230ab2e4506b5dcad1944efe36d.jpg
3f714ecf42e505c242c593284cd01bc2df4b203b4864e3dcfa0d724b4dd70796,2066,"1779982682356-a3ec4bf3-353b-44c7-8650-023816a717bb-dsc03993.jpg",448497,2026-05-28T15:38:02.394549,true,https://99dev.pro/bucket/files/public/giovannimiranda09/2026/05/b6994fd92d1742d9959fb97de200dfd4.jpg
36f7622b136945e0b5c684cd11e4553280d90e950b0dfc2a0bef9c1ff2bc73b2,2294,"1779986457917-f6dc80ea-abd6-4173-8ffb-e81cec3cac4e-dsc03811.jpg",446919,2026-05-28T16:40:57.583725,true,https://99dev.pro/bucket/files/public/giovannimiranda09/2026/05/1b842aab60ef48948c131ae6d6c520f8.jpg
36f7622b136945e0b5c684cd11e4553280d90e950b0dfc2a0bef9c1ff2bc73b2,2034,"1779982618435-9f6b007f-6c70-4d8f-ad34-d5b188b05a12-dsc03811.jpg",446919,2026-05-28T15:36:58.401271,true,https://99dev.pro/bucket/files/public/giovannimiranda09/2026/05/6053bc30496c476babd39eb27321d378.jpg
560312efa98a21415fcb9d0329b275b8ed40ac6e77c86fbeb00e3337979fe4ea,2290,"1779986454562-ca888876-dcd1-4a3c-a4fe-0dded958d3e2-dsc03757.jpg",441734,2026-05-28T16:40:54.559982,true,https://99dev.pro/bucket/files/public/giovannimiranda09/2026/05/ba76b8d80b104234bff48a1316334065.jpg
560312efa98a21415fcb9d0329b275b8ed40ac6e77c86fbeb00e3337979fe4ea,2030,"1779982610937-171e4d30-5878-4cbc-b3af-92fb007007da-dsc03757.jpg",441734,2026-05-28T15:36:50.798274,true,https://99dev.pro/bucket/files/public/giovannimiranda09/2026/05/d94b0e5b3f4d4226a8173e5c8f414753.jpg
638ce8392d6da49fcacc3f0c3a2cf9228847155e33d23408756d00175582fd8c,2504,"1780087808387-90ca5494-dcd1-4c95-8369-3a060637a1b4-dsc04050.jpg",440758,2026-05-29T20:50:08.956134,true,https://99dev.pro/bucket/files/public/giovannimiranda09/2026/05/83a79134828c4cf3a78b9da9745a5fad.jpg
638ce8392d6da49fcacc3f0c3a2cf9228847155e33d23408756d00175582fd8c,2080,"1779982713333-a0bd26ca-4521-4b4e-b19d-4a1acf3315ca-dsc04050.jpg",440758,2026-05-28T15:38:33.093791,true,https://99dev.pro/bucket/files/public/giovannimiranda09/2026/05/3d26b9c1dd774d23b2e95c96e4e69456.jpg
2db42866626f830fe418604bb7065ee335ebb58f8b74a678656b4081b3950054,2490,"1780087786430-2c6a3c4b-9880-4086-8829-3fbbe99d70c4-dsc03997.jpg",440044,2026-05-29T20:49:47.477246,true,https://99dev.pro/bucket/files/public/giovannimiranda09/2026/05/0c50100ceba5488e98e285c7ddaa0b08.jpg
2db42866626f830fe418604bb7065ee335ebb58f8b74a678656b4081b3950054,2068,"1779982686373-b64bcd80-1ac5-4e40-bc28-fd0d4769019b-dsc03997.jpg",440044,2026-05-28T15:38:06.294228,true,https://99dev.pro/bucket/files/public/giovannimiranda09/2026/05/6f48b2ba40a3475fae0842beac1ce131.jpg
144ad6da176b6aa72cadc4dc5fb058f12f88398440922312b2f7932f8a851a1b,2288,"1779986451087-e76d03ca-31c9-4ecd-8659-db528240d680-dsc03750.jpg",436605,2026-05-28T16:40:51.380342,true,https://99dev.pro/bucket/files/public/giovannimiranda09/2026/05/b6597d2295d347c1a531baa0def7d19c.jpg
144ad6da176b6aa72cadc4dc5fb058f12f88398440922312b2f7932f8a851a1b,2028,"1779982607195-d6449a8b-ba36-4da1-a14a-1e0b4693e177-dsc03750.jpg",436605,2026-05-28T15:36:47.187075,true,https://99dev.pro/bucket/files/public/giovannimiranda09/2026/05/4f4bbb83685c4c5582c3358a8fdcf9de.jpg
a2ebfb9b5a5b4141c4f53a9bebe9c22271ee67f2af45d2e09a8c0826448751d2,2442,"1779986895655-31e1de3c-a96c-4fdc-9892-3c0e9b44c66c-dsc04533.jpg",430119,2026-05-28T16:48:15.397570,true,https://99dev.pro/bucket/files/public/giovannimiranda09/2026/05/26c0afef475b42ccb1422739ab8a889e.jpg
a2ebfb9b5a5b4141c4f53a9bebe9c22271ee67f2af45d2e09a8c0826448751d2,2170,"1779982894626-b7bb48b7-02d7-427c-b0aa-f50761614b34-dsc04533.jpg",430119,2026-05-28T15:41:34.287726,true,https://99dev.pro/bucket/files/public/giovannimiranda09/2026/05/dc40ed4e067142ccaa480cbc227c0ffe.jpg
4d7b90cd365d8e509c9bcd50e50bbf686433fee3ff4b5f437b2264997e89e98b,2386,"1779986779567-93c8e1e3-671b-4669-9f64-970d48cdd1ad-dsc04155.jpg",428142,2026-05-28T16:46:19.384260,true,https://99dev.pro/bucket/files/public/giovannimiranda09/2026/05/51a99c69433d4e7e9c93931277daa9a5.jpg
4d7b90cd365d8e509c9bcd50e50bbf686433fee3ff4b5f437b2264997e89e98b,2098,"1779982745761-ccfe2d6e-e1c8-4993-bd05-847113776b68-dsc04155.jpg",428142,2026-05-28T15:39:05.463110,true,https://99dev.pro/bucket/files/public/giovannimiranda09/2026/05/ec6218e50be94286ab3d3ba64195cf9f.jpg
f8d5b4608e4265dcbd53a51a437afef46bb16dc251e9e5196332acc2759875e8,2508,"1780087815537-dfcc5dfe-a786-4fc9-a89f-8616ce67fd6e-dsc04064.jpg",428108,2026-05-29T20:50:16.122613,true,https://99dev.pro/bucket/files/public/giovannimiranda09/2026/05/595844ea529e4934937b0e04dcecaf50.jpg
f8d5b4608e4265dcbd53a51a437afef46bb16dc251e9e5196332acc2759875e8,2084,"1779982720288-aa5e707d-a797-47c7-8afe-cae07d2e18e3-dsc04064.jpg",428108,2026-05-28T15:38:39.981181,true,https://99dev.pro/bucket/files/public/giovannimiranda09/2026/05/3f8cc11f0ec84c64b9d09b83c2a61b33.jpg
91471e1240016e4babb194dfb29ed615f6722c14b3b38cbac349418bc8c4c379,2496,"1780087793379-394c4ade-03b9-40e9-978f-e49ca5ba0a6b-dsc04025.jpg",427877,2026-05-29T20:49:53.940440,true,https://99dev.pro/bucket/files/public/giovannimiranda09/2026/05/55d12d85894146d682c461bd7bd301ad.jpg
91471e1240016e4babb194dfb29ed615f6722c14b3b38cbac349418bc8c4c379,2074,"1779982698734-ff069a19-2306-422b-8733-ecf763fcc9ff-dsc04025.jpg",427877,2026-05-28T15:38:18.689308,true,https://99dev.pro/bucket/files/public/giovannimiranda09/2026/05/66eb7cbdf92f4a109c727dbbf4dbdac5.jpg
c90b5c17d71249121bb25db36a8d33fa06e57b7f0fa788292a0deea7ba8479e9,2510,"1780087819262-6f7ac942-6caa-43b2-b7fa-be99127fd5bb-dsc04065.jpg",426615,2026-05-29T20:50:19.837017,true,https://99dev.pro/bucket/files/public/giovannimiranda09/2026/05/243768070b64438186638a512490a44b.jpg
c90b5c17d71249121bb25db36a8d33fa06e57b7f0fa788292a0deea7ba8479e9,2086,"1779982723841-d315170b-eaf8-44f5-8c28-3af84d94a35f-dsc04065.jpg",426615,2026-05-28T15:38:43.462811,true,https://99dev.pro/bucket/files/public/giovannimiranda09/2026/05/61d87bc1b9f749f8a45954b89165063c.jpg
0fc7df1f9feae40ec64b0bcd06792c60c296f2d81a00014c8675a5c7e148c186,2502,"1780087804202-047ef1f7-38a1-40d4-917e-83a68a294865-dsc04048.jpg",423856,2026-05-29T20:50:05.277270,true,https://99dev.pro/bucket/files/public/giovannimiranda09/2026/05/82a1fac0a3794994ba1a26fd1fedfd81.jpg
0fc7df1f9feae40ec64b0bcd06792c60c296f2d81a00014c8675a5c7e148c186,2078,"1779982708908-55a501f6-4ffa-4f8f-b3f6-3fef1d002d88-dsc04048.jpg",423856,2026-05-28T15:38:29.151999,true,https://99dev.pro/bucket/files/public/giovannimiranda09/2026/05/687bf8bddbd1488fb636c1c7dc46181d.jpg
fdc50ca71101de36db9b5c02b16f6e24599fa3ff6d9d751fa661edd4c7bfa75e,2338,"1779986527505-19a860a1-d300-403c-889f-029fd34022e8-dsc04378.jpg",421167,2026-05-28T16:42:07.275077,true,https://99dev.pro/bucket/files/public/giovannimiranda09/2026/05/fe07544eee004336a8235981aae5a6a7.jpg
fdc50ca71101de36db9b5c02b16f6e24599fa3ff6d9d751fa661edd4c7bfa75e,2148,"1779982843502-f67e2a60-67fc-4058-96f3-47979714e451-dsc04378.jpg",421167,2026-05-28T15:40:43.120642,true,https://99dev.pro/bucket/files/public/giovannimiranda09/2026/05/94492ed6f4a24ce4b796eff8a6c31274.jpg
abc53abcb2de5e2c313e795320d487f8fd8a5c4f0e054b29424827714638918d,2322,"1779986515091-5ce100b0-33d1-43fd-946e-ea02cf26980c-dsc04301.jpg",420948,2026-05-28T16:41:54.853874,true,https://99dev.pro/bucket/files/public/giovannimiranda09/2026/05/fcc1ea4be339467ca077cc7ac37eaf82.jpg
abc53abcb2de5e2c313e795320d487f8fd8a5c4f0e054b29424827714638918d,2134,"1779982820796-09052b5d-a9e0-4f67-a474-a5f86167b6ad-dsc04301.jpg",420948,2026-05-28T15:40:20.408329,true,https://99dev.pro/bucket/files/public/giovannimiranda09/2026/05/6050d08db4054b208c3dd9437077d083.jpg
77809aae65cf8de3b10ec1e20323d8e405c6f9994da4e93ce84030b958428c37,2494,"1780087789678-50e96ab1-31b8-4c47-8c24-d3847f296224-dsc04023.jpg",420748,2026-05-29T20:49:50.296472,true,https://99dev.pro/bucket/files/public/giovannimiranda09/2026/05/e645928eb400455b8d0838295e3abf4e.jpg
77809aae65cf8de3b10ec1e20323d8e405c6f9994da4e93ce84030b958428c37,2072,"1779982694358-2fc24127-b910-4b2e-ad67-7146ea8002c9-dsc04023.jpg",420748,2026-05-28T15:38:14.303923,true,https://99dev.pro/bucket/files/public/giovannimiranda09/2026/05/9e22b324ec014bcea50da9ef52fc72d9.jpg
76b8b010c826500372961369aaf028be121b4d1d253b49b471f08310644d0b84,2324,"1779986516668-0fc52ba7-48ea-4a4b-8162-21e7a8a05e90-dsc04311.jpg",419218,2026-05-28T16:41:56.572039,true,https://99dev.pro/bucket/files/public/giovannimiranda09/2026/05/33e3145158f34e649a69c9abd7912276.jpg
76b8b010c826500372961369aaf028be121b4d1d253b49b471f08310644d0b84,2136,"1779982825006-d1f0e0ee-a629-4524-8881-04e56a778569-dsc04311.jpg",419218,2026-05-28T15:40:24.673660,true,https://99dev.pro/bucket/files/public/giovannimiranda09/2026/05/100261062cbb4c1396e11164e5efe3b8.jpg
afbfbffeea388609d0d0398ccc1914a3b70d8d3e5629b70c23073f12b65c45ac,2528,"1780087833461-5df2ffd2-431c-414e-9ebc-48dafe791d16-dsc04242.jpg",416910,2026-05-29T20:50:34.384020,true,https://99dev.pro/bucket/files/public/giovannimiranda09/2026/05/9b052a83f3cc4bb9aa5f016ec8ea7e9e.jpg
afbfbffeea388609d0d0398ccc1914a3b70d8d3e5629b70c23073f12b65c45ac,2116,"1779982784961-67717805-1ddf-4a52-bb2d-8e00f9148151-dsc04242.jpg",416910,2026-05-28T15:39:44.597528,true,https://99dev.pro/bucket/files/public/giovannimiranda09/2026/05/9914533ed9e642888686a9c8dd0da538.jpg
9b61b6504a775aa333690a55c0562d817e9913a1e0a2e6bb2614a35b6417f253,2388,"1779986783322-741f2046-f463-4adf-a358-54b3d2dcd280-dsc04160.jpg",416016,2026-05-28T16:46:23.106794,true,https://99dev.pro/bucket/files/public/giovannimiranda09/2026/05/812a99d6d8e54b0e90a42d83a6440917.jpg
9b61b6504a775aa333690a55c0562d817e9913a1e0a2e6bb2614a35b6417f253,2100,"1779982749656-f30b2586-0340-42a3-8cb2-c0ad5bad65eb-dsc04160.jpg",416016,2026-05-28T15:39:09.491396,true,https://99dev.pro/bucket/files/public/giovannimiranda09/2026/05/0ffeb88cf77b4f22aaa85438d94c79b2.jpg
fce9f0b24d3b265a2c8bf12a058dd84d16fb2339ee83e9b9d0b4684cee53cf14,2390,"1779986787042-bbf0d7f1-197b-4c5b-a711-6a8f382ab0c2-dsc04162.jpg",411854,2026-05-28T16:46:26.826219,true,https://99dev.pro/bucket/files/public/giovannimiranda09/2026/05/64e7651aa2cd44e1b91b883a9c6ad16b.jpg
fce9f0b24d3b265a2c8bf12a058dd84d16fb2339ee83e9b9d0b4684cee53cf14,2102,"1779982753341-41677b57-3f2f-4786-8e21-430c9c15eb8a-dsc04162.jpg",411854,2026-05-28T15:39:12.992384,true,https://99dev.pro/bucket/files/public/giovannimiranda09/2026/05/d143fe2d8e8b455f91ad8faabbed21ed.jpg
f8e719c1ffe3dfe156dfb16c000b16ef05f94726a97946ad343dace3e0d30cff,2364,"1779986728117-19563691-a7e9-4bfb-acdb-ad2ac90dad11-dsc03708.jpg",409708,2026-05-28T16:45:27.865816,true,https://99dev.pro/bucket/files/public/giovannimiranda09/2026/05/1dcce38fa7d845e781d8726b71d93548.jpg
f8e719c1ffe3dfe156dfb16c000b16ef05f94726a97946ad343dace3e0d30cff,2024,"1779982599962-b2124672-223f-4d71-a88a-807e950ae00f-dsc03708.jpg",409708,2026-05-28T15:36:39.700060,true,https://99dev.pro/bucket/files/public/giovannimiranda09/2026/05/3ef37a3438c841aba732ca459c5f1fad.jpg
2a87bbff8cc4f2b45355a2a489917d39324dea8528061530b3b4c8e5359c2c97,2406,"1779986815955-8d1e923b-34f8-4258-93a2-09cf23ebfdb0-dsc04224.jpg",409216,2026-05-28T16:46:55.770704,true,https://99dev.pro/bucket/files/public/giovannimiranda09/2026/05/378bf0347a9e4dcf81dce3ec6018f93e.jpg
2a87bbff8cc4f2b45355a2a489917d39324dea8528061530b3b4c8e5359c2c97,2112,"1779982777357-6b91952c-7e2e-4808-baed-f36b314bf15e-dsc04224.jpg",409216,2026-05-28T15:39:37.092969,true,https://99dev.pro/bucket/files/public/giovannimiranda09/2026/05/ef4a1151bb9b47da9edc45b69e315e3d.jpg
46276cae7c0e60d1d8d093a73349d1c92e69e2733f261bcb71f27520d2333f58,2412,"1779986834798-8d6501ed-4997-46be-b617-50d4cc7b3747-dsc04257.jpg",403952,2026-05-28T16:47:14.400501,true,https://99dev.pro/bucket/files/public/giovannimiranda09/2026/05/6dba6ad62d654c09b16932ddf2a6d341.jpg
46276cae7c0e60d1d8d093a73349d1c92e69e2733f261bcb71f27520d2333f58,2126,"1779982804807-70803c73-7354-4ce9-a70a-dea285e994d4-dsc04257.jpg",403952,2026-05-28T15:40:04.477572,true,https://99dev.pro/bucket/files/public/giovannimiranda09/2026/05/d1e02c49be6c4681971ecf41ed68327e.jpg
92637fa31d38e315829d8710cae89c4ae5bea4f69a348f65c698067f8882aea7,2286,"1779986442478-6e9394c7-e1e1-4bc7-b41b-d4cd89d7a539-dsc03701.jpg",398579,2026-05-28T16:40:42.179441,true,https://99dev.pro/bucket/files/public/giovannimiranda09/2026/05/602616b4e09d4677892d57a244f637c8.jpg
92637fa31d38e315829d8710cae89c4ae5bea4f69a348f65c698067f8882aea7,2020,"1779982590091-e03eb42d-5274-4640-b4e8-a74039f666ba-dsc03701.jpg",398579,2026-05-28T15:36:29.883210,true,https://99dev.pro/bucket/files/public/giovannimiranda09/2026/05/74fb0c172c1c410f87dcf4077f394e16.jpg
414d726dcad8157b776b311c9b28d68af8eb10f64f9ce6cb02d1419690698053,2228,"1779986327924-fcc15c7d-1677-4465-8c59-b67bd58d7e61-dsc03296.jpg",394594,2026-05-28T16:38:49.252942,true,https://99dev.pro/bucket/files/public/giovannimiranda09/2026/05/8346cd2ea1da4ce69c65dee5805ad7a1.jpg
414d726dcad8157b776b311c9b28d68af8eb10f64f9ce6cb02d1419690698053,1960,"1779982461332-12571a06-a28f-4ebf-94a3-9c7e40e6e9c3-dsc03296.jpg",394594,2026-05-28T15:34:22.152913,true,https://99dev.pro/bucket/files/public/giovannimiranda09/2026/05/3e3a06106ddb4574a75922c1db47d286.jpg
84f7ee33d48ec0a4c0fe311639c7314e497b751467d569ec01638fb4c19acc3d,2306,"1779986467841-a6eddeba-f9ae-4ca6-9a37-d0463482ac9a-dsc03880.jpg",392948,2026-05-28T16:41:07.597817,true,https://99dev.pro/bucket/files/public/giovannimiranda09/2026/05/dffb139443c94ab1a5dff6708b34876c.jpg
84f7ee33d48ec0a4c0fe311639c7314e497b751467d569ec01638fb4c19acc3d,2046,"1779982642327-2c26d2b1-3055-4c2c-84d1-d9702f8de77d-dsc03880.jpg",392948,2026-05-28T15:37:22.292898,true,https://99dev.pro/bucket/files/public/giovannimiranda09/2026/05/fdf8be931706400f80aacb1d86696820.jpg
11ffddd16e70f26ba90c73171f6c5968f524a26411e1a3259a727041d97ca336,2272,"1779986416103-a695f435-eef0-44ec-826a-00878a3c4947-dsc03569.jpg",390899,2026-05-28T16:40:15.865416,true,https://99dev.pro/bucket/files/public/giovannimiranda09/2026/05/c733faf31c3a4387bf7f9884b4ed37bd.jpg
11ffddd16e70f26ba90c73171f6c5968f524a26411e1a3259a727041d97ca336,2006,"1779982554206-2882e268-0ccf-48c1-bc37-dcbf5319fb78-dsc03569.jpg",390899,2026-05-28T15:35:53.912658,true,https://99dev.pro/bucket/files/public/giovannimiranda09/2026/05/9793db0e959442ac95aafb5137d6fea8.jpg
8c40dcb965d571077d53876ab5734e1b215ecc37ae138f2bde07eb32a75715f6,2238,"1779986340435-8015ff51-d8b1-4e1e-ad31-92576d7b20b2-dsc03324.jpg",389000,2026-05-28T16:39:00.192175,true,https://99dev.pro/bucket/files/public/giovannimiranda09/2026/05/c7afe59d90644dc5ad9c00f0a9519808.jpg
8c40dcb965d571077d53876ab5734e1b215ecc37ae138f2bde07eb32a75715f6,1970,"1779982483700-e4914811-0935-49f2-b05d-8c3da2c35aa5-dsc03324.jpg",389000,2026-05-28T15:34:43.313177,true,https://99dev.pro/bucket/files/public/giovannimiranda09/2026/05/035fca2743014cea8b295dc0921d5c5a.jpg
707551d93d4f1db4541f07b38d9690f003efa0b18e1cb1628acfd41436b93dfd,2332,"1779986522970-fd8c1961-3179-4825-b142-05f88c30e672-dsc04346.jpg",388106,2026-05-28T16:42:02.685056,true,https://99dev.pro/bucket/files/public/giovannimiranda09/2026/05/116bd614c79940318c33ffa059cf19bc.jpg
707551d93d4f1db4541f07b38d9690f003efa0b18e1cb1628acfd41436b93dfd,2142,"1779982838788-5ebf3f19-3424-4e69-b993-6883aabfff9d-dsc04346.jpg",388106,2026-05-28T15:40:38.388279,true,https://99dev.pro/bucket/files/public/giovannimiranda09/2026/05/f9d58f643de9483c9ed36abdaff9df41.jpg
cc1978825d60446ec482ae3bf77cae5c468d7faf3f3931ab9a3f17b50f79a0dd,2394,"1779986794163-b34fd7ba-0fb1-4b6d-85f9-4b38c9d68abe-dsc04176.jpg",385385,2026-05-28T16:46:34.070500,true,https://99dev.pro/bucket/files/public/giovannimiranda09/2026/05/0e94591560344bddb1b980e1ef0056e9.jpg
cc1978825d60446ec482ae3bf77cae5c468d7faf3f3931ab9a3f17b50f79a0dd,2106,"1779982760463-0dab56f2-aa52-42c5-abf3-738421c8cf45-dsc04176.jpg",385385,2026-05-28T15:39:20.178343,true,https://99dev.pro/bucket/files/public/giovannimiranda09/2026/05/39c77885965d46d1baeb3ace4f19787e.jpg
9e22b3a07912ad649db67833d010a2c6bd1920a03ad0ebaa35da16d2b18d6f04,2334,"1779986524512-3ef2c5e7-9123-45d9-9d7b-9c88ba422638-dsc04354.jpg",383619,2026-05-28T16:42:04.190794,true,https://99dev.pro/bucket/files/public/giovannimiranda09/2026/05/2217b3677a1d4d56a9435051549adf80.jpg
9e22b3a07912ad649db67833d010a2c6bd1920a03ad0ebaa35da16d2b18d6f04,2144,"1779982840295-fcfb6198-edc0-48d3-bf0f-28d0cd2649b1-dsc04354.jpg",383619,2026-05-28T15:40:39.896642,true,https://99dev.pro/bucket/files/public/giovannimiranda09/2026/05/8268e6f2ea3e44189e88e479d2b13498.jpg
c69062141757ba909110e7dd65a9aee58a56d4e3646d0733ebb17c5effac3860,2404,"1779986812321-49da0117-ee0d-4dc8-b1ba-52f907b59f81-dsc04221.jpg",381796,2026-05-28T16:46:52.012198,true,https://99dev.pro/bucket/files/public/giovannimiranda09/2026/05/6869ba16313643f48a88f3698aafcb40.jpg
c69062141757ba909110e7dd65a9aee58a56d4e3646d0733ebb17c5effac3860,2110,"1779982773512-a59489cf-f6bd-43d2-8994-f49e5e7273c9-dsc04221.jpg",381796,2026-05-28T15:39:33.081424,true,https://99dev.pro/bucket/files/public/giovannimiranda09/2026/05/d9d9c5a2ba5c4c43b0417111a644de96.jpg
f6e39be914128250e3845b0613b89086e5b2c1acd00ebda2fd66146c2413655d,2384,"1779986775860-ed760b5f-1184-46eb-b64a-79b510317872-dsc04134.jpg",379455,2026-05-28T16:46:15.588535,true,https://99dev.pro/bucket/files/public/giovannimiranda09/2026/05/430b1147cc9e4d20939637b231edac34.jpg
f6e39be914128250e3845b0613b89086e5b2c1acd00ebda2fd66146c2413655d,2096,"1779982741729-a286fc98-25d2-4678-9ef7-ba8faeda40f4-dsc04134.jpg",379455,2026-05-28T15:39:01.647596,true,https://99dev.pro/bucket/files/public/giovannimiranda09/2026/05/d5fc5a5fd8f445e78f249796f5ef7683.jpg
6ad171e8d22ad0700d469591f0f4ff6e0a6b037a8455a2a8689b7c0f5df676cd,2408,"1779986826840-b8d7b788-c426-4f04-83ee-c88078003579-dsc04254.jpg",379100,2026-05-28T16:47:07.066211,true,https://99dev.pro/bucket/files/public/giovannimiranda09/2026/05/d0806b074aa8430a9b2d9cd85d4bbac1.jpg
6ad171e8d22ad0700d469591f0f4ff6e0a6b037a8455a2a8689b7c0f5df676cd,2122,"1779982796701-c27896bf-f0f4-4b67-a377-f14dec56e648-dsc04254.jpg",379100,2026-05-28T15:39:56.270300,true,https://99dev.pro/bucket/files/public/giovannimiranda09/2026/05/e397f91d80b148ea92daad6d9b0bd5e6.jpg
d287a3d50c8ac12b3e74e5dd3a4352f0af93f39ab236ebfb1c580aa9ef425e8f,2368,"1779986735246-82558f84-f90d-47e3-b583-bdec18fce298-dsc03917.jpg",378716,2026-05-28T16:45:34.917841,true,https://99dev.pro/bucket/files/public/giovannimiranda09/2026/05/68f16c51fb5649b5aa5a476937ade4cc.jpg
d287a3d50c8ac12b3e74e5dd3a4352f0af93f39ab236ebfb1c580aa9ef425e8f,2056,"1779982663567-19d2280d-06f0-489e-a5a5-426fc5dac4be-dsc03917.jpg",378716,2026-05-28T15:37:43.383269,true,https://99dev.pro/bucket/files/public/giovannimiranda09/2026/05/3f71f847ae554ec4973cfb128302288a.jpg
e7d8d482128fe33bdbf49f3498147920b610a73485b52f40b6fe7bf14a955bf3,2296,"1779986459290-6e3e405d-a47a-4611-b923-454e38673130-dsc03814.jpg",376962,2026-05-28T16:40:58.963684,true,https://99dev.pro/bucket/files/public/giovannimiranda09/2026/05/28631d37088441b4aa47c4a8aef56bfc.jpg
e7d8d482128fe33bdbf49f3498147920b610a73485b52f40b6fe7bf14a955bf3,2036,"1779982622113-0200dc1e-55b1-451e-9649-3bacab9501f1-dsc03814.jpg",376962,2026-05-28T15:37:02.046944,true,https://99dev.pro/bucket/files/public/giovannimiranda09/2026/05/f0ca2fb5884f4910b446865e74cc5473.jpg
9b5add259a159ba468a1c1b04bdfcab14ba627612ced35365c9361e068fa626b,2232,"1779986332896-977431e6-69ae-432c-8b4d-7294f4dc258f-dsc03302.jpg",373878,2026-05-28T16:38:52.690911,true,https://99dev.pro/bucket/files/public/giovannimiranda09/2026/05/1f13743ee1d44e5ca3f4701865b3a51d.jpg
9b5add259a159ba468a1c1b04bdfcab14ba627612ced35365c9361e068fa626b,1964,"1779982473379-f0671379-18aa-4fd1-a242-5d22e1c6be4a-dsc03302.jpg",373878,2026-05-28T15:34:32.966691,true,https://99dev.pro/bucket/files/public/giovannimiranda09/2026/05/168cda64317b4be2b04e3aabc909677a.jpg
a379c5d509c8670ac4372bd8439ce3da0fded4d03938a5c5c3434285e6031fa7,2440,"1779986891847-f0c392fa-fc3d-4244-9dba-adf544c05009-dsc04524.jpg",371331,2026-05-28T16:48:11.560712,true,https://99dev.pro/bucket/files/public/giovannimiranda09/2026/05/c3d9b960a8c248efac8e43ea008bda33.jpg
a379c5d509c8670ac4372bd8439ce3da0fded4d03938a5c5c3434285e6031fa7,2168,"1779982890808-dda6231b-a4bd-4953-ae74-5058279dbd32-dsc04524.jpg",371331,2026-05-28T15:41:30.788072,true,https://99dev.pro/bucket/files/public/giovannimiranda09/2026/05/1185e39f38ce4414936dd8c936c5e6be.jpg
b3b58789b491187068011473e4dec74547bea2afb37fff2afcaa5f882570666d,2450,"1779986910261-199de2d5-926f-4819-a807-dce69c888e15-dsc04555.jpg",370893,2026-05-28T16:48:30.061093,true,https://99dev.pro/bucket/files/public/giovannimiranda09/2026/05/4bd4fb8f2205436c9b80509f0d8a9362.jpg
b3b58789b491187068011473e4dec74547bea2afb37fff2afcaa5f882570666d,2178,"1779982908606-2969165e-b176-4cb9-bf44-e1a5f6f5adba-dsc04555.jpg",370893,2026-05-28T15:41:48.190871,true,https://99dev.pro/bucket/files/public/giovannimiranda09/2026/05/f34bc54647d44b5db8a92ad33a6bbed3.jpg
17adfa6efe027f8e9ebca7444a2373e4aeacb4f69b475a3c292fbe11a23cdaa3,2360,"1779986720815-a4646b8a-14f4-4e20-b3ce-7d0a9b7e0a32-dsc03441.jpg",370220,2026-05-28T16:45:20.623257,true,https://99dev.pro/bucket/files/public/giovannimiranda09/2026/05/aad3fb1513b1418ea7925b4e05a65b21.jpg
17adfa6efe027f8e9ebca7444a2373e4aeacb4f69b475a3c292fbe11a23cdaa3,1990,"1779982522947-147df6c6-5f7c-4be6-956b-136c8240e343-dsc03441.jpg",370220,2026-05-28T15:35:23.077043,true,https://99dev.pro/bucket/files/public/giovannimiranda09/2026/05/559c048b65714fe8b6a2103c48e33b77.jpg
d3f96139533211d3a8720f5750e9f9a43ef0adb12bf75d951d496aecf4441155,2530,"1780087835401-945d3225-7ed8-4577-90aa-8f2c6d2538eb-dsc04249.jpg",368762,2026-05-29T20:50:35.722778,true,https://99dev.pro/bucket/files/public/giovannimiranda09/2026/05/dd0c93c9f8e94822b5353930184ea12a.jpg
d3f96139533211d3a8720f5750e9f9a43ef0adb12bf75d951d496aecf4441155,2118,"1779982788770-7ef3dc88-7c3f-4f35-8f83-d47a898549b2-dsc04249.jpg",368762,2026-05-28T15:39:48.493111,true,https://99dev.pro/bucket/files/public/giovannimiranda09/2026/05/0e0a4ed5621b484b95f0ca0d57515bfd.jpg
166330aae3d94c198f9b2dfeb4c6daa30ef64183803c9f19da29e46aa767ce39,2402,"1779986808577-0942656a-b377-4763-8fb9-370408f04081-dsc04219.jpg",368588,2026-05-28T16:46:48.262907,true,https://99dev.pro/bucket/files/public/giovannimiranda09/2026/05/77db48e9195f41009d264f644d6738fd.jpg
166330aae3d94c198f9b2dfeb4c6daa30ef64183803c9f19da29e46aa767ce39,2108,"1779982769276-cb4b5c7d-d656-413a-a53a-d64135a354a0-dsc04219.jpg",368588,2026-05-28T15:39:29.310743,true,https://99dev.pro/bucket/files/public/giovannimiranda09/2026/05/98eb2067f21647cf9aaa675fe79b9ef6.jpg
670bba4fa5d410dbd51dbc619805c0f24163caf1e97ae14f83f242f5d20cd011,2340,"1779986529051-d0520de0-5428-411e-8a30-5be7e2d71d77-dsc04383.jpg",368296,2026-05-28T16:42:08.888030,true,https://99dev.pro/bucket/files/public/giovannimiranda09/2026/05/ea71efdc422e4b829883d47ad93a819a.jpg
670bba4fa5d410dbd51dbc619805c0f24163caf1e97ae14f83f242f5d20cd011,2150,"1779982845217-63f8f44b-9e52-4e84-9380-259e6715b47c-dsc04383.jpg",368296,2026-05-28T15:40:44.873490,true,https://99dev.pro/bucket/files/public/giovannimiranda09/2026/05/671d60db82d64541851d26444da72909.jpg
a38542c16ab864f3e852637eef630f269449e499a4ab622a0de2d8e59b32965f,2462,"1779986933277-6c0f4c4a-5702-4852-ae8f-d383f4ed4742-dsc04589.jpg",367986,2026-05-28T16:48:52.984864,true,https://99dev.pro/bucket/files/public/giovannimiranda09/2026/05/101ce828fbef43a6a8a0f81ac99c4991.jpg
a38542c16ab864f3e852637eef630f269449e499a4ab622a0de2d8e59b32965f,2190,"1779982929616-5165fd88-b0a1-46f7-9162-2474faf54818-dsc04589.jpg",367986,2026-05-28T15:42:09.380650,true,https://99dev.pro/bucket/files/public/giovannimiranda09/2026/05/cdf1d12961e649eb8bde43ba7c6c7120.jpg
4342fea2a666ef6941872da00aa5c9a70a24e3c9a00649bc1979b50b6503e9f1,2318,"1779986511436-6b04ce35-7a15-4aad-9d7f-d99b9f1baf3a-dsc04289.jpg",367747,2026-05-28T16:41:51.663897,true,https://99dev.pro/bucket/files/public/giovannimiranda09/2026/05/76ce02347f1b411c8b07664fa30ff5f2.jpg
4342fea2a666ef6941872da00aa5c9a70a24e3c9a00649bc1979b50b6503e9f1,2130,"1779982812924-45c66b8c-14a8-4a43-ae4a-217eb203677a-dsc04289.jpg",367747,2026-05-28T15:40:12.567779,true,https://99dev.pro/bucket/files/public/giovannimiranda09/2026/05/3af8778d998646e09e9c84b9c996a372.jpg
cb699e79b566ddbf739c47d7d9992181770af73bbd1e5a5d2d076c8255cc0ad0,2396,"1779986797954-92b40b28-12e8-4f4c-81a2-4fdf16d651e1-dsc04177.jpg",367575,2026-05-28T16:46:37.676426,true,https://99dev.pro/bucket/files/public/giovannimiranda09/2026/05/7ac1bee476fe48a2ba43e7c6784fde9c.jpg
cb699e79b566ddbf739c47d7d9992181770af73bbd1e5a5d2d076c8255cc0ad0,2214,"1779983228256-c1e181b9-9ead-422f-b0f8-652677e4a7e9-dsc04177.jpg",367575,2026-05-28T15:47:07.890082,true,https://99dev.pro/bucket/files/public/giovannimiranda09/2026/05/76afddcb5f20423a8b03936ecc2134c5.jpg
9af9dbe7045c8a03e07830a0834486e3bd7896a5d665929814acd7a5d139d6e8,2230,"1779986331392-207113e5-0bdc-483d-ad38-c95e68896840-dsc03297.jpg",364073,2026-05-28T16:38:51.092212,true,https://99dev.pro/bucket/files/public/giovannimiranda09/2026/05/588bcaadda994e00ac473f40ad1b761d.jpg
9af9dbe7045c8a03e07830a0834486e3bd7896a5d665929814acd7a5d139d6e8,1962,"1779982469141-a4381231-fd9a-4e6b-9885-7ce794184138-dsc03297.jpg",364073,2026-05-28T15:34:28.852286,true,https://99dev.pro/bucket/files/public/giovannimiranda09/2026/05/746d640c95b0408daa6f128e9e82fb4b.jpg
95ff9129f3a95369a58602f9839fcb0a46d78a3f78363c21ab901b2443d0e674,2506,"1780087811921-065afc1b-c81a-4986-a85f-c841623c2fa8-dsc04058.jpg",362724,2026-05-29T20:50:12.528558,true,https://99dev.pro/bucket/files/public/giovannimiranda09/2026/05/c8627d387fa242048c03c7e97bf46922.jpg
95ff9129f3a95369a58602f9839fcb0a46d78a3f78363c21ab901b2443d0e674,2082,"1779982716800-4ee67de3-f927-48e2-8b45-4172b2040774-dsc04058.jpg",362724,2026-05-28T15:38:36.399839,true,https://99dev.pro/bucket/files/public/giovannimiranda09/2026/05/97e03db80b72478293f744ffefe804be.jpg
722dd8566597aab9250fda465542c5ebff420665fb505e567e4026f994ff3963,2358,"1779986717125-12938e1a-2f2f-4b36-87bc-42ec9adafa62-dsc03437.jpg",361184,2026-05-28T16:45:16.879255,true,https://99dev.pro/bucket/files/public/giovannimiranda09/2026/05/53e50a87775943f0b2ef04e6930e2d01.jpg
722dd8566597aab9250fda465542c5ebff420665fb505e567e4026f994ff3963,2208,"1779983223650-ad995a6e-a14d-4e14-8526-802cc1d404c1-dsc03437.jpg",361184,2026-05-28T15:47:03.297143,true,https://99dev.pro/bucket/files/public/giovannimiranda09/2026/05/c11b43da7fd44101b5abd996461f8931.jpg
18411cd1842938728249cf837f4b746c02b53da4b89dd8dd52cf689abf8168b3,2376,"1779986750150-e443d388-333a-4fe8-b447-2496e6737d29-dsc03948.jpg",359635,2026-05-28T16:45:49.862128,true,https://99dev.pro/bucket/files/public/giovannimiranda09/2026/05/8d6af5e13d7647fc91a01df898f1937d.jpg
18411cd1842938728249cf837f4b746c02b53da4b89dd8dd52cf689abf8168b3,2064,"1779982678436-4d432d45-2e55-4a38-a4d1-12aa7822f058-dsc03948.jpg",359635,2026-05-28T15:37:58.392221,true,https://99dev.pro/bucket/files/public/giovannimiranda09/2026/05/1767878ec7714da8983af7db1ffd82c9.jpg
d4c33fb1005a0a497cc5762a7a0ecf4b979b73fc83796ad5cf8d13c727b388d1,2372,"1779986742624-2229eaa7-0318-49d7-a739-32e35aeb34d8-dsc03923.jpg",358987,2026-05-28T16:45:42.388265,true,https://99dev.pro/bucket/files/public/giovannimiranda09/2026/05/e79c244108d94b34b04f0f3dac05308a.jpg
d4c33fb1005a0a497cc5762a7a0ecf4b979b73fc83796ad5cf8d13c727b388d1,2060,"1779982670943-065ada92-43a4-48f1-ac7a-582930c66703-dsc03923.jpg",358987,2026-05-28T15:37:50.909061,true,https://99dev.pro/bucket/files/public/giovannimiranda09/2026/05/ce8f8aba33f349639999e5b285f74fcf.jpg
a4d74be6ce4d1794815ca6e542f0773f32d08ba1aac0e2f9ea3634518fd9ebe3,2392,"1779986790699-2d2328e8-6a9b-4787-82b5-15f60e9380db-dsc04168.jpg",357508,2026-05-28T16:46:30.355768,true,https://99dev.pro/bucket/files/public/giovannimiranda09/2026/05/f68504d1819344659ca6b20f675b3396.jpg
a4d74be6ce4d1794815ca6e542f0773f32d08ba1aac0e2f9ea3634518fd9ebe3,2104,"1779982756794-6ce46ca3-dbf4-4e23-968a-7bb4af5f2269-dsc04168.jpg",357508,2026-05-28T15:39:16.388525,true,https://99dev.pro/bucket/files/public/giovannimiranda09/2026/05/f68576a68a8d427e949a9affe783baed.jpg
8103226dc3ddd1d160449e6855782f3a0e50ae2e5f13dd62a29c445e4f4c55b9,2498,"1780087796911-f1efd27e-747d-4619-bfe5-8cd255278323-dsc04032.jpg",357467,2026-05-29T20:49:57.404259,true,https://99dev.pro/bucket/files/public/giovannimiranda09/2026/05/12774f614bba47919fe62bc0c9564090.jpg
8103226dc3ddd1d160449e6855782f3a0e50ae2e5f13dd62a29c445e4f4c55b9,2076,"1779982702973-7398700e-6c88-4106-bd0e-dce90185e0a8-dsc04032.jpg",357467,2026-05-28T15:38:22.809725,true,https://99dev.pro/bucket/files/public/giovannimiranda09/2026/05/d78113fa93d94d30987edc8823d537e0.jpg
5f44a8797f57b086f58b8b131a5ce40dabbfbf561a8ac34dbb9a481b983f3b2b,2254,"1779986370171-85315d05-db2e-4057-804f-33f33fb7d9bd-dsc03382.jpg",355022,2026-05-28T16:39:29.889917,true,https://99dev.pro/bucket/files/public/giovannimiranda09/2026/05/2dd755f9187f44ae928760547b7c2d0c.jpg
5f44a8797f57b086f58b8b131a5ce40dabbfbf561a8ac34dbb9a481b983f3b2b,1986,"1779982512315-fcffb016-e3ec-4a1b-bbc2-b964c1b654ca-dsc03382.jpg",355022,2026-05-28T15:35:12.000006,true,https://99dev.pro/bucket/files/public/giovannimiranda09/2026/05/3bf2fa350af84ac2a4fc8feb6eef6886.jpg
346528452a5f38bbc527d7c1b19c60fd936192ffb11049f8d49c684a3e8815ca,2314,"1779986474413-3f9ec708-c1ff-4503-aed6-ad0abd799151-dsc03910.jpg",354556,2026-05-28T16:41:14.169492,true,https://99dev.pro/bucket/files/public/giovannimiranda09/2026/05/5fd2e2b325a14f9e81fd66dee8062b71.jpg
346528452a5f38bbc527d7c1b19c60fd936192ffb11049f8d49c684a3e8815ca,2052,"1779982656122-ef484388-c220-4a9a-bd64-b7309bd8af5d-dsc03910.jpg",354556,2026-05-28T15:37:35.954227,true,https://99dev.pro/bucket/files/public/giovannimiranda09/2026/05/6bf192463b2a40739ce81409c16323ce.jpg
8088419daebf815965decc656484536b90d59d200f1dc91c14a006fa19aab135,2260,"1779986393982-22904a5b-ac72-4c85-96dd-6725974cef24-dsc03483.jpg",353923,2026-05-28T16:39:53.849468,true,https://99dev.pro/bucket/files/public/giovannimiranda09/2026/05/9bf4c75ffb954803a699ab7cb5e39f0c.jpg
8088419daebf815965decc656484536b90d59d200f1dc91c14a006fa19aab135,1994,"1779982528226-c3d25d8b-b189-4071-98b0-fdcdd18eb990-dsc03483.jpg",353923,2026-05-28T15:35:28.066390,true,https://99dev.pro/bucket/files/public/giovannimiranda09/2026/05/25b58306034f4253918047e30edb0757.jpg
c533a979725ce3d87a4fd9aef718d94decca47b8963951086868ac0656820676,2264,"1779986401021-085c1332-04e4-4059-92b4-e6ca53d42395-dsc03490.jpg",351832,2026-05-28T16:40:00.777355,true,https://99dev.pro/bucket/files/public/giovannimiranda09/2026/05/0f8c9047fc25409b846901e8e61f6b6f.jpg
c533a979725ce3d87a4fd9aef718d94decca47b8963951086868ac0656820676,1998,"1779982536673-0715e190-b126-49e3-934f-2f9e849fe71d-dsc03490.jpg",351832,2026-05-28T15:35:36.488657,true,https://99dev.pro/bucket/files/public/giovannimiranda09/2026/05/def6a0f80b804d7d8cb66f0554c7f4fe.jpg
d19eea7955de5e45681dec8e6235e278fb41cc8c859c000b2a8d37d96ebb6198,2526,"1780087831806-8874e2c5-04b2-4dd0-b5ed-256ceffbb007-dsc04231.jpg",349966,2026-05-29T20:50:32.432141,true,https://99dev.pro/bucket/files/public/giovannimiranda09/2026/05/3e2c417c6dfa431383de1dc4c86ac2f6.jpg
d19eea7955de5e45681dec8e6235e278fb41cc8c859c000b2a8d37d96ebb6198,2114,"1779982781032-ea961a2a-2426-4353-9eb5-96da264c773b-dsc04231.jpg",349966,2026-05-28T15:39:40.691054,true,https://99dev.pro/bucket/files/public/giovannimiranda09/2026/05/60e9a2b4de9447b2b4c7f50caf18638c.jpg
42484be87d6faa2a02d904554f75816eafa038f9bad4445b0edce4dab6476c5c,2356,"1779986713461-ba01c454-9e52-44f5-a8e8-f658a26be199-dsc03421.jpg",347696,2026-05-28T16:45:13.153336,true,https://99dev.pro/bucket/files/public/giovannimiranda09/2026/05/ea8d194c8dd44b0da6f96e14fa811088.jpg
42484be87d6faa2a02d904554f75816eafa038f9bad4445b0edce4dab6476c5c,2206,"1779983222108-f6d84160-60c4-452c-b865-633c53691ae2-dsc03421.jpg",347696,2026-05-28T15:47:01.769643,true,https://99dev.pro/bucket/files/public/giovannimiranda09/2026/05/1e6788b025b643b7b92e05a24ca3404f.jpg
b4066e3a15668b4d1231a50e0a24e363d02c2b1a2245d4b85c4182fb99082a8d,2316,"1779986475873-8183ec15-d7c3-4021-8eee-2e862616d0af-dsc03913.jpg",347614,2026-05-28T16:41:15.591328,true,https://99dev.pro/bucket/files/public/giovannimiranda09/2026/05/a8bce11209184cb8a17d1b4beec66043.jpg
b4066e3a15668b4d1231a50e0a24e363d02c2b1a2245d4b85c4182fb99082a8d,2054,"1779982659712-3d570c86-d134-477d-98df-5d7326267bb6-dsc03913.jpg",347614,2026-05-28T15:37:39.764434,true,https://99dev.pro/bucket/files/public/giovannimiranda09/2026/05/f98a3871f58040408c7a288e3291b1ed.jpg
ed689272021d49829b01166d64e900e9f894b354f2c43edb55ea603b7eb18552,2258,"1779986389866-390bf009-381d-415e-aae7-cc2b5df84278-dsc03447.jpg",344060,2026-05-28T16:39:50.162087,true,https://99dev.pro/bucket/files/public/giovannimiranda09/2026/05/9aa1b633943742bea6b465c5a7b26894.jpg
ed689272021d49829b01166d64e900e9f894b354f2c43edb55ea603b7eb18552,1992,"1779982526391-689375c2-e42d-4a8a-9c5c-20d7d14cb438-dsc03447.jpg",344060,2026-05-28T15:35:25.979622,true,https://99dev.pro/bucket/files/public/giovannimiranda09/2026/05/f4d7c20cd8e24c6ea0f47c9160354390.jpg
6cc194488c21d4e9847c4a63864ad8c848338082182571f09ae034abb4943019,2500,"1780087800280-3b0dc8ff-2860-43e4-abb4-4dd00f1c736a-dsc04036.jpg",342049,2026-05-29T20:50:00.928094,true,https://99dev.pro/bucket/files/public/giovannimiranda09/2026/05/d90eca8723634608ab8769d1e0567475.jpg
6cc194488c21d4e9847c4a63864ad8c848338082182571f09ae034abb4943019,2212,"1779983226702-c55e569b-59b3-4add-88b9-f98962330112-dsc04036.jpg",342049,2026-05-28T15:47:06.393499,true,https://99dev.pro/bucket/files/public/giovannimiranda09/2026/05/67fc977ed7f143ca835e19ba390f4dee.jpg
eeb7cb62b3746b0935c0c76427ab0c3d52685547dfb3b2e8d5c1724779723325,2262,"1779986397667-a05334cc-10d6-4cad-8615-cc594a024139-dsc03484.jpg",341003,2026-05-28T16:39:57.283280,true,https://99dev.pro/bucket/files/public/giovannimiranda09/2026/05/1626fdc7f00541dbbfb0d8719aa503af.jpg
eeb7cb62b3746b0935c0c76427ab0c3d52685547dfb3b2e8d5c1724779723325,1996,"1779982532251-51c9d303-c938-4320-83e2-469719e84351-dsc03484.jpg",341003,2026-05-28T15:35:31.947334,true,https://99dev.pro/bucket/files/public/giovannimiranda09/2026/05/6b47163e6c0044d09dac8a0c92c64b9f.jpg
fd1a69e96789ab87e61f727467f110a2c4ae691c40c952976564b7fcb3c7766a,2374,"1779986746415-44dc29b5-0b62-4630-aefd-80f21393090c-dsc03924.jpg",340646,2026-05-28T16:45:46.089003,true,https://99dev.pro/bucket/files/public/giovannimiranda09/2026/05/4a6e0454bce44ae1b12e288d2ce013ce.jpg
fd1a69e96789ab87e61f727467f110a2c4ae691c40c952976564b7fcb3c7766a,2062,"1779982674765-ec4a0f69-18bf-41b4-bfc9-0bb67a4cc2e1-dsc03924.jpg",340646,2026-05-28T15:37:54.550186,true,https://99dev.pro/bucket/files/public/giovannimiranda09/2026/05/f15716161661462985b50f0d555ea8e5.jpg
b6127d7c2a4690b9d7b5fd4f36966db4e059795c772195593fd64974be6f4930,2234,"1779986334516-8054997b-cbea-4fe2-9f26-fd4babfdf20f-dsc03312.jpg",334338,2026-05-28T16:38:54.173959,true,https://99dev.pro/bucket/files/public/giovannimiranda09/2026/05/fafa841d7f77469996662fff8cf2348c.jpg
b6127d7c2a4690b9d7b5fd4f36966db4e059795c772195593fd64974be6f4930,1966,"1779982476803-22070087-a816-40cf-a1b9-e322e356497c-dsc03312.jpg",334338,2026-05-28T15:34:36.432033,true,https://99dev.pro/bucket/files/public/giovannimiranda09/2026/05/f6b2aed268e0483f8bed739f76867710.jpg
ee5613dde1fa039139c0be7572fcd3a3728ffcfbb7535797069bc8adda96d5f2,2532,"1780087836685-618d6d8e-0387-43e7-b4e7-dd5a65a16079-dsc04251.jpg",332876,2026-05-29T20:50:36.977806,true,https://99dev.pro/bucket/files/public/giovannimiranda09/2026/05/139876bb1fb648449ec7b8f21710ae02.jpg
ee5613dde1fa039139c0be7572fcd3a3728ffcfbb7535797069bc8adda96d5f2,2120,"1779982792365-98f74291-ba64-40a7-bd1e-888b85ad63d6-dsc04251.jpg",332876,2026-05-28T15:39:51.952486,true,https://99dev.pro/bucket/files/public/giovannimiranda09/2026/05/4df9c209c47241fea3384242b1816a4c.jpg
7b3ee4ab11bffefa822ac29bdadc8db71ee9ac791021ed2cedc2ee4c81b8157b,2729,"1780088816549-54662df7-daec-4420-802e-7c96c659e46d-dsc05037.jpg",332550,2026-05-29T21:06:57.078961,true,https://99dev.pro/bucket/files/public/giovannimiranda09/2026/05/99861d6dcd8540aaa67c2a4612591021.jpg
7b3ee4ab11bffefa822ac29bdadc8db71ee9ac791021ed2cedc2ee4c81b8157b,2487,"1780087784602-8394f3ea-0abc-4ee7-898e-92a60a829f98-dsc05037.jpg",332550,2026-05-29T20:49:45.645338,true,https://99dev.pro/bucket/files/public/giovannimiranda09/2026/05/cbf580eb74f84315be2d4f6d507bafc0.jpg
2c55b535e7129c84f79d2d7e63fad66cc915226cba06f3a7503cee8d55a844f8,2366,"1779986731648-236b55ce-4f41-4c78-bd39-7a24e85d305a-dsc03720.jpg",330667,2026-05-28T16:45:31.408039,true,https://99dev.pro/bucket/files/public/giovannimiranda09/2026/05/811692e1b9e24675a3354d53948950f0.jpg
2c55b535e7129c84f79d2d7e63fad66cc915226cba06f3a7503cee8d55a844f8,2026,"1779982603735-d72a6049-589f-45d2-bf81-ffd3d8abbc42-dsc03720.jpg",330667,2026-05-28T15:36:43.407923,true,https://99dev.pro/bucket/files/public/giovannimiranda09/2026/05/2c89660de9c243ada3876efc26eb62d7.jpg
1a454d1a0dee8160a2f0251ae4a9a5a0dddf00ebed3ab363f598fe1858553890,2336,"1779986525938-06bf7eb4-d73b-4171-bccd-8ca5cb49b358-dsc04374.jpg",329659,2026-05-28T16:42:05.686099,true,https://99dev.pro/bucket/files/public/giovannimiranda09/2026/05/66333180ce59491489ef9ac70cc8a1a7.jpg
1a454d1a0dee8160a2f0251ae4a9a5a0dddf00ebed3ab363f598fe1858553890,2146,"1779982842003-9ca7fbc7-7fa5-4448-a057-37905eaa2219-dsc04374.jpg",329659,2026-05-28T15:40:41.677907,true,https://99dev.pro/bucket/files/public/giovannimiranda09/2026/05/2f033caed7da45dfa4357361c762130b.jpg
bd28584367c51cb1267f32d4008f6a1e6c5b7e2f7058aea754965932c5d89632,2727,"1780088814823-915cec37-849b-46b2-a289-aa0cad6212ce-dsc05036.jpg",328588,2026-05-29T21:06:55.093097,true,https://99dev.pro/bucket/files/public/giovannimiranda09/2026/05/8fdf181417a34d6d813a3ea8fafb2bdd.jpg
bd28584367c51cb1267f32d4008f6a1e6c5b7e2f7058aea754965932c5d89632,2482,"1780087781339-5c510261-129d-4c46-b800-b8f4e939dc6e-dsc05036.jpg",328588,2026-05-29T20:49:42.173117,true,https://99dev.pro/bucket/files/public/giovannimiranda09/2026/05/ab0a2db30d0a42e28835e7067e5233c5.jpg
05869be968a1868770dcf9ed7a840ba5419c93db92ca534fe73a7198e34a370e,2452,"1779986914549-85d1293f-45ac-476c-80a1-40be665e2dc6-dsc04560.jpg",328511,2026-05-28T16:48:34.319289,true,https://99dev.pro/bucket/files/public/giovannimiranda09/2026/05/dede44d1b160406c81c7e8dd58721626.jpg
05869be968a1868770dcf9ed7a840ba5419c93db92ca534fe73a7198e34a370e,2180,"1779982912001-9fe4f400-3d3f-4e3b-9637-185e73be8466-dsc04560.jpg",328511,2026-05-28T15:41:51.684226,true,https://99dev.pro/bucket/files/public/giovannimiranda09/2026/05/0cd77dbed37d4b8cb6dbb122079f5b23.jpg
807cf6b3fa0fe38aadb7374a706850f67e1227ab2303a77f8833942de80145a7,2460,"1779986929620-2ac47394-5775-4064-8254-fcb075c8cd1c-dsc04570.jpg",327925,2026-05-28T16:48:49.283587,true,https://99dev.pro/bucket/files/public/giovannimiranda09/2026/05/249af24f6cf64157803abbe6793375fa.jpg
807cf6b3fa0fe38aadb7374a706850f67e1227ab2303a77f8833942de80145a7,2188,"1779982926060-eea25720-a7d7-49f1-84be-2e518e5bee74-dsc04570.jpg",327925,2026-05-28T15:42:05.754369,true,https://99dev.pro/bucket/files/public/giovannimiranda09/2026/05/5d6141390c2f47f5b2a63c34dfb7757c.jpg
625f496b63c6fe4090a7fae67d8fd572920e6482b7a95afde00ee259eebbb3b6,2256,"1779986373620-cd45a2dd-fdb6-42ad-9970-d3bd70ad1aee-dsc03390.jpg",326863,2026-05-28T16:39:33.600562,true,https://99dev.pro/bucket/files/public/giovannimiranda09/2026/05/7f9fdd0ec7ff406fa73e9266c55133fb.jpg
625f496b63c6fe4090a7fae67d8fd572920e6482b7a95afde00ee259eebbb3b6,1988,"1779982513812-da6cfb76-94c4-423d-9926-ea3401373646-dsc03390.jpg",326863,2026-05-28T15:35:13.492066,true,https://99dev.pro/bucket/files/public/giovannimiranda09/2026/05/63bb8c9af511441da44fe3e25f85f5fc.jpg
23500e6900993cbc93a2e765e8959a105c71f630bab2ab000318c56ae3daff15,2410,"1779986830908-552a62bb-17e6-480d-b6f5-901cd90d72e8-dsc04256.jpg",326824,2026-05-28T16:47:10.704475,true,https://99dev.pro/bucket/files/public/giovannimiranda09/2026/05/9f5f100f23ab4852b2bf6b8e50ccacd9.jpg
23500e6900993cbc93a2e765e8959a105c71f630bab2ab000318c56ae3daff15,2124,"1779982800329-0c80a85e-c61a-4972-b827-a9f14ab649f8-dsc04256.jpg",326824,2026-05-28T15:40:00.065715,true,https://99dev.pro/bucket/files/public/giovannimiranda09/2026/05/f8e2b3871a884c96b0badc5d9fa6c3b5.jpg
fc333b74115db5c6fdaaa9abbeafab09739169e003a8ad876c3f4f73b38a667d,2444,"1779986899470-1f3adab0-cd84-4489-8922-534ce54b0061-dsc04538.jpg",326437,2026-05-28T16:48:19.258715,true,https://99dev.pro/bucket/files/public/giovannimiranda09/2026/05/bef5ca9dfbb54959a46233becf45bb03.jpg
fc333b74115db5c6fdaaa9abbeafab09739169e003a8ad876c3f4f73b38a667d,2172,"1779982898015-12c4d174-9497-4526-85f7-547dcf05226e-dsc04538.jpg",326437,2026-05-28T15:41:37.593871,true,https://99dev.pro/bucket/files/public/giovannimiranda09/2026/05/eeb1bd43c2fa43078295e74ff0fe61d3.jpg
84ef55d3467979411338c4a2f788438d9bc003d4a0db4c88171a5207ea47f6d1,2236,"1779986337029-056673ac-e6f7-40a4-8407-c4e7bfd7915b-dsc03317.jpg",326202,2026-05-28T16:38:56.670110,true,https://99dev.pro/bucket/files/public/giovannimiranda09/2026/05/7d91f79f4c24440cb1a6ec9389edb95d.jpg
84ef55d3467979411338c4a2f788438d9bc003d4a0db4c88171a5207ea47f6d1,1968,"1779982480256-ab101ea9-c575-4084-8dd3-028aebd0ec44-dsc03317.jpg",326202,2026-05-28T15:34:39.881146,true,https://99dev.pro/bucket/files/public/giovannimiranda09/2026/05/da28d8735660442d84f1853961b5b76c.jpg
8871b5beacb39ac523a8bebdb59fd559e72ff06551c361d527f24aa49c4b2c78,2719,"1780088807471-b9cc169a-98f3-4df9-b70d-cd68c4708e3e-dsc05028.jpg",325841,2026-05-29T21:06:47.725377,true,https://99dev.pro/bucket/files/public/giovannimiranda09/2026/05/af750e2a89414a8fae6a849130910670.jpg
8871b5beacb39ac523a8bebdb59fd559e72ff06551c361d527f24aa49c4b2c78,2474,"1780087773000-4206d5d3-9429-4cd1-a1ac-c130f089cff3-dsc05028.jpg",325841,2026-05-29T20:49:33.416060,true,https://99dev.pro/bucket/files/public/giovannimiranda09/2026/05/09d2c2649ff248e4a118ab59e204ff76.jpg
4c915fdd686782b788fa9593720b39b7b566287c05566b7aaf031a0e0fe8ea10,2721,"1780088809352-18644b60-998c-4c7a-8169-e9e9f3737982-dsc05030.jpg",323574,2026-05-29T21:06:49.626635,true,https://99dev.pro/bucket/files/public/giovannimiranda09/2026/05/f7f5f5ac81eb428da854937b134650e8.jpg
4c915fdd686782b788fa9593720b39b7b566287c05566b7aaf031a0e0fe8ea10,2476,"1780087774797-c99c29b9-1d75-48a8-a835-7d77e8f01f7f-dsc05030.jpg",323574,2026-05-29T20:49:35.350381,true,https://99dev.pro/bucket/files/public/giovannimiranda09/2026/05/9be9dc5dbbdc496688e052e5715b2f67.jpg
c5554719dec54641215cf76140d85126327c702805f7011a80bb67fac79e4842,2723,"1780088811169-045b48c1-efb1-427a-bfda-f7900e6814e3-dsc05031.jpg",321401,2026-05-29T21:06:51.575268,true,https://99dev.pro/bucket/files/public/giovannimiranda09/2026/05/8d41b7c692ad48178c14887ada2997da.jpg
c5554719dec54641215cf76140d85126327c702805f7011a80bb67fac79e4842,2478,"1780087776795-2de5005d-b14b-4c8e-8f6b-75a78b32119f-dsc05031.jpg",321401,2026-05-29T20:49:37.614065,true,https://99dev.pro/bucket/files/public/giovannimiranda09/2026/05/2c000a5de4c24cb5b38b6932ef7cd439.jpg
a168071543616c99e91d988f82a3a5c43f8cd9ac7fcf27fefa4909ebba2349f6,2240,"1779986344328-20a6516d-ffa1-493d-aa3b-3d5fbaf12b4c-dsc03328.jpg",316734,2026-05-28T16:39:04.273197,true,https://99dev.pro/bucket/files/public/giovannimiranda09/2026/05/96b8c3d3c3214d528915f48bad7fa72e.jpg
a168071543616c99e91d988f82a3a5c43f8cd9ac7fcf27fefa4909ebba2349f6,1972,"1779982487142-283e5a18-9221-4e85-bdf6-d9484d81db5d-dsc03328.jpg",316734,2026-05-28T15:34:46.805828,true,https://99dev.pro/bucket/files/public/giovannimiranda09/2026/05/bd65dc2a647247bfa17200a1826cf488.jpg
a30163301ba3eab8e319634bb9e2dbcf9849d29a03f48e645d741165cc9e3d41,2454,"1779986919014-a42d50f1-f74e-4c4e-a9ac-483130689a4b-dsc04561.jpg",315859,2026-05-28T16:48:38.672759,true,https://99dev.pro/bucket/files/public/giovannimiranda09/2026/05/755a801814a9476080aaddbf1ba5be29.jpg
a30163301ba3eab8e319634bb9e2dbcf9849d29a03f48e645d741165cc9e3d41,2182,"1779982915488-0bac2ea9-a61c-4c74-bc7e-4f9aeec8b38e-dsc04561.jpg",315859,2026-05-28T15:41:55.097100,true,https://99dev.pro/bucket/files/public/giovannimiranda09/2026/05/474be327028f46b584a2756116032185.jpg
74ebf2c859ff7f85ee01a8232cdf0c62e51ea3f0b9f7e54a98d32f11b7047dfe,2725,"1780088812914-e0e14e91-0be5-48de-8568-8eae9a541a30-dsc05035.jpg",315572,2026-05-29T21:06:53.214402,true,https://99dev.pro/bucket/files/public/giovannimiranda09/2026/05/970db9b276a64317aae7f45546710ad8.jpg
74ebf2c859ff7f85ee01a8232cdf0c62e51ea3f0b9f7e54a98d32f11b7047dfe,2480,"1780087778856-99062413-66a1-4481-b2e3-ab26e2141177-dsc05035.jpg",315572,2026-05-29T20:49:39.762612,true,https://99dev.pro/bucket/files/public/giovannimiranda09/2026/05/7824b350f54d468a8d3e62b55de9f907.jpg
4494a29452e5d4e81f4af73a085ac48ba35076ce0f387585ff2f173745f61ef9,2717,"1780088805964-0ab9dad9-70ec-4dcb-ac41-4e1002ab9035-dsc05025.jpg",314482,2026-05-29T21:06:46.239911,true,https://99dev.pro/bucket/files/public/giovannimiranda09/2026/05/ea48e6cda8f54440a7156d403ebcf928.jpg
4494a29452e5d4e81f4af73a085ac48ba35076ce0f387585ff2f173745f61ef9,2472,"1780087771168-7d2a558b-54ac-4e71-99be-657fb3e9c85a-dsc05025.jpg",314482,2026-05-29T20:49:31.622955,true,https://99dev.pro/bucket/files/public/giovannimiranda09/2026/05/d53a4d6862294090901cfc7f9af55376.jpg
a7a7e37271c95e5dc2b84d01928c4a99e611d0bedef25d1d7ba8ff8d8704cdfc,2715,"1780088804324-70135c02-3b69-42f7-9915-64363c263978-dsc05022.jpg",310423,2026-05-29T21:06:44.605206,true,https://99dev.pro/bucket/files/public/giovannimiranda09/2026/05/84a42422bf5b4772bddecc40ad46bcac.jpg
a7a7e37271c95e5dc2b84d01928c4a99e611d0bedef25d1d7ba8ff8d8704cdfc,2470,"1780087768424-594006e3-a81e-4ea8-bb3d-c20bff8393a3-dsc05022.jpg",310423,2026-05-29T20:49:29.590081,true,https://99dev.pro/bucket/files/public/giovannimiranda09/2026/05/98dd55874d374d2293418fd97af69020.jpg
5306e8ec61ad383a08bcb33db8b0b719808dfe8eae12012fd39b538282e70f24,2348,"1779986704348-315524c2-dc1d-4978-ba0b-dca9656b8ad7-dsc03405.jpg",310324,2026-05-28T16:45:04.692911,true,https://99dev.pro/bucket/files/public/giovannimiranda09/2026/05/ffcadd03b0754d188b0fbb0a1f6be4af.jpg
5306e8ec61ad383a08bcb33db8b0b719808dfe8eae12012fd39b538282e70f24,2198,"1779983212661-75d91afd-9cd2-44da-b388-dcae451caa63-dsc03405.jpg",310324,2026-05-28T15:46:52.854248,true,https://99dev.pro/bucket/files/public/giovannimiranda09/2026/05/4b7bd79283ba4fde830bd558d086907a.jpg
77186090d1cdb50e482a07de04a4f23f918ba207d3ae4ec3b8b62b88b10b8a00,2354,"1779986709846-87e03084-71a2-45d6-b534-e02b329a2806-dsc03417.jpg",309718,2026-05-28T16:45:09.606869,true,https://99dev.pro/bucket/files/public/giovannimiranda09/2026/05/d0620ead80744e28b3634d960f41195b.jpg
77186090d1cdb50e482a07de04a4f23f918ba207d3ae4ec3b8b62b88b10b8a00,2204,"1779983218922-c33cf2d5-df54-426d-91f7-f34e82dfd4b6-dsc03417.jpg",309718,2026-05-28T15:47:00.081849,true,https://99dev.pro/bucket/files/public/giovannimiranda09/2026/05/67b01991bd144adaba250e20fda85cbc.jpg
c630f99fc9e87c4f8b3d4c4d7e5f88ca08294b7a34285b2c079b48faba16c232,2456,"1779986922519-e61aa392-d503-49c5-a5e9-407c50935342-dsc04563.jpg",307411,2026-05-28T16:48:42.284519,true,https://99dev.pro/bucket/files/public/giovannimiranda09/2026/05/719232ef1b8d473f80f6b5bad92a4b33.jpg
c630f99fc9e87c4f8b3d4c4d7e5f88ca08294b7a34285b2c079b48faba16c232,2184,"1779982918947-ffb94bcd-3dd4-41db-8633-ac569cdca41b-dsc04563.jpg",307411,2026-05-28T15:41:58.667872,true,https://99dev.pro/bucket/files/public/giovannimiranda09/2026/05/9649f1fc2f7c40b18ba2529b11f85154.jpg
53b00ac4499d1a66c3dc16a8cb494ac52187e2a29c9a796c78dff7af18b4d503,2266,"1779986404601-e559992e-203d-40e8-a194-d7f56654b8cf-dsc03523.jpg",307102,2026-05-28T16:40:04.442771,true,https://99dev.pro/bucket/files/public/giovannimiranda09/2026/05/f506170f603840f3bae72e6e1a9960e3.jpg
53b00ac4499d1a66c3dc16a8cb494ac52187e2a29c9a796c78dff7af18b4d503,2000,"1779982540609-91d64737-b933-4307-9a30-6dd07998be80-dsc03523.jpg",307102,2026-05-28T15:35:40.173057,true,https://99dev.pro/bucket/files/public/giovannimiranda09/2026/05/b83a5e3ec072442ab9c0a2a4e05f3eaf.jpg
204dd36e6d04eb3ee7c4750f0633e686e36521d41aa60e9e4a81f4285e56a479,2430,"1779986867372-85fe15fc-dfdf-4e6a-831a-074ebb9bbb84-dsc04442.jpg",305949,2026-05-28T16:47:46.986230,true,https://99dev.pro/bucket/files/public/giovannimiranda09/2026/05/9cb898c46aea4e2181c6de665656c3ae.jpg
204dd36e6d04eb3ee7c4750f0633e686e36521d41aa60e9e4a81f4285e56a479,2226,"1779983239557-4dbbed68-2c7d-4e96-9dad-0bf0a0895ec1-dsc04442.jpg",305949,2026-05-28T15:47:19.255200,true,https://99dev.pro/bucket/files/public/giovannimiranda09/2026/05/d9daa42c614a469d82ffe43399c47dae.jpg
2ad16d102aefad707c43e7f4d8aa4f2ac04adceeba3454dbe98108bda82113a0,2246,"1779986355950-a0956857-9e86-4912-9d22-8c269097104c-dsc03338.jpg",301764,2026-05-28T16:39:15.600565,true,https://99dev.pro/bucket/files/public/giovannimiranda09/2026/05/f0751277c68547b0845a3d762f4b78c6.jpg
2ad16d102aefad707c43e7f4d8aa4f2ac04adceeba3454dbe98108bda82113a0,1978,"1779982497766-03295fd1-d82e-4dd9-a9f8-87e20863e7fe-dsc03338.jpg",301764,2026-05-28T15:34:57.491662,true,https://99dev.pro/bucket/files/public/giovannimiranda09/2026/05/f788679dc4234dc39b3e0d790e49f29a.jpg
3bde1d12319fd7ef6069f581a45824ac3c1e9267d3f8260ecaaaeb1cd065e27e,2464,"1779986936924-ddaaf750-5380-4ace-953b-42e760cd82cf-dsc04622.jpg",298757,2026-05-28T16:48:56.771109,true,https://99dev.pro/bucket/files/public/giovannimiranda09/2026/05/791e9187293c4e0b93a7d5b0f29cef41.jpg
3bde1d12319fd7ef6069f581a45824ac3c1e9267d3f8260ecaaaeb1cd065e27e,2192,"1779982933207-16c3d634-7304-4a5b-9fea-0a0f7b8ad6fc-dsc04622.jpg",298757,2026-05-28T15:42:12.880838,true,https://99dev.pro/bucket/files/public/giovannimiranda09/2026/05/36e761647a2349e6875c3fefee0e45c7.jpg
afc46ec224f955202e7b46ce7c375afb6880023ba294dbf17ca8f567ccfa8b9b,2492,"1780087788301-7772601a-26fd-46f4-b1a4-81a46d1f2604-dsc04005.jpg",297461,2026-05-29T20:49:48.763936,true,https://99dev.pro/bucket/files/public/giovannimiranda09/2026/05/1f075cb1e4fa49619c128f7d1a5bc5c7.jpg
afc46ec224f955202e7b46ce7c375afb6880023ba294dbf17ca8f567ccfa8b9b,2070,"1779982690256-1405ba73-163e-4ba4-93cb-704817651b24-dsc04005.jpg",297461,2026-05-28T15:38:10.080757,true,https://99dev.pro/bucket/files/public/giovannimiranda09/2026/05/5d7807c6424245acaed15544b3b3cd0a.jpg
83c1dfa294ca56bb377dec6dff03cddb67a4764360340d48a1f30ebaa3d891c0,2446,"1779986903158-0474caa3-0342-4554-a619-5bf3a9c9af3d-dsc04545.jpg",297180,2026-05-28T16:48:22.873316,true,https://99dev.pro/bucket/files/public/giovannimiranda09/2026/05/ea1533fce25a407d90da0d9738b095cb.jpg
83c1dfa294ca56bb377dec6dff03cddb67a4764360340d48a1f30ebaa3d891c0,2174,"1779982901473-e7a4f9c7-ec8d-4934-b464-223b9774bf85-dsc04545.jpg",297180,2026-05-28T15:41:41.219205,true,https://99dev.pro/bucket/files/public/giovannimiranda09/2026/05/a7d9c44980d341678083555d8aeb7ef6.jpg
69533163823a11d733a3c0a5563a5ae4033362336e92e50bb527cd65bd1babd2,2250,"1779986362991-54bd2d89-1c9b-4579-adb1-10d96ccbaf28-dsc03365.jpg",295482,2026-05-28T16:39:22.765125,true,https://99dev.pro/bucket/files/public/giovannimiranda09/2026/05/8fbc7d51d79f449e9cbe6a72033266a9.jpg
69533163823a11d733a3c0a5563a5ae4033362336e92e50bb527cd65bd1babd2,1982,"1779982505749-c10410be-8f88-40e1-9092-ad6d6d91dea5-dsc03365.jpg",295482,2026-05-28T15:35:05.386305,true,https://99dev.pro/bucket/files/public/giovannimiranda09/2026/05/0a38978e6a044d338c5ffffc036a0eb9.jpg
0a1e2a4fe7923ed55deb3414ce9e1b5f8ca949b6b946d0c34f5d5bcccf787ac6,2458,"1779986926062-21edab86-5d00-479e-94bb-70a129c3e8dc-dsc04564.jpg",294603,2026-05-28T16:48:45.765378,true,https://99dev.pro/bucket/files/public/giovannimiranda09/2026/05/960924d87bbf4b06889efda06744a568.jpg
0a1e2a4fe7923ed55deb3414ce9e1b5f8ca949b6b946d0c34f5d5bcccf787ac6,2186,"1779982922498-aaff07ac-1c0a-4741-b1ad-15aa3b25bd7f-dsc04564.jpg",294603,2026-05-28T15:42:02.097260,true,https://99dev.pro/bucket/files/public/giovannimiranda09/2026/05/3a5bc53fb97e419cb22e709075663886.jpg
9d115d97c1bdfe0f8c9a8a1449c75d6ad52f33b7388fbb316e85d9b216f78c7c,2248,"1779986359523-d69d1cab-c7bd-4b7d-a254-abe0582e6269-dsc03358.jpg",287535,2026-05-28T16:39:19.183422,true,https://99dev.pro/bucket/files/public/giovannimiranda09/2026/05/1380a5ec9ed648a5b34a57ab2994cf7c.jpg
9d115d97c1bdfe0f8c9a8a1449c75d6ad52f33b7388fbb316e85d9b216f78c7c,1980,"1779982501287-ad95e8cb-ac73-45ff-8e4e-d1d623eb6233-dsc03358.jpg",287535,2026-05-28T15:35:01.098759,true,https://99dev.pro/bucket/files/public/giovannimiranda09/2026/05/50d71495aa55465d9c64865111245683.jpg
928ffcd74e695089a37f649822a3ff86a7da862609796fe53bb48387cb53fb05,2326,"1779986518307-a560ea13-5a37-450c-8c5e-a5ae30b5ea19-dsc04319.jpg",277980,2026-05-28T16:41:57.966843,true,https://99dev.pro/bucket/files/public/giovannimiranda09/2026/05/81919f40699c447b89b1f60ca43df495.jpg
928ffcd74e695089a37f649822a3ff86a7da862609796fe53bb48387cb53fb05,2220,"1779983234912-b0afde5b-cd69-4820-bfcf-ddaceb543e59-dsc04319.jpg",277980,2026-05-28T15:47:14.474144,true,https://99dev.pro/bucket/files/public/giovannimiranda09/2026/05/a4135bf02913424fbb35c2fd1addcef8.jpg
72c10bad2262b5992328316500a0026d679aebc1edd68f597050854752cfd137,2466,"1779986940709-79abf145-4c8e-4d6f-a83e-820decae61c1-dsc04631.jpg",276129,2026-05-28T16:49:00.465866,true,https://99dev.pro/bucket/files/public/giovannimiranda09/2026/05/df25e5541fd44b08a2ec03c25bfd49cc.jpg
72c10bad2262b5992328316500a0026d679aebc1edd68f597050854752cfd137,2194,"1779982936806-06bdb10e-7b17-48d8-9c81-d1c6074817e2-dsc04631.jpg",276129,2026-05-28T15:42:16.364274,true,https://99dev.pro/bucket/files/public/giovannimiranda09/2026/05/820df6bd60b1450fafa7bfdf935a1bb6.jpg
796207777ca881136c3b5c821510c5c16683cbb4b62607eff5539c746e435f19,2414,"1779986838234-e57d7861-0c3e-4b61-921b-afd0464eeeef-dsc04269.jpg",267501,2026-05-28T16:47:17.982926,true,https://99dev.pro/bucket/files/public/giovannimiranda09/2026/05/b68ff8a527ed4f92a9192b685915f03f.jpg
796207777ca881136c3b5c821510c5c16683cbb4b62607eff5539c746e435f19,2128,"1779982808913-ab84cf8d-1288-438c-bb31-6429c6318d3b-dsc04269.jpg",267501,2026-05-28T15:40:08.580336,true,https://99dev.pro/bucket/files/public/giovannimiranda09/2026/05/2feeaf1a706048ebbcf0ce0316fc53df.jpg
3bfa94f02969115935aecdd11210d62a69a1b9be771957d77a88348de3f46bcc,2352,"1779986708311-6faa065f-d862-4230-9278-0ee58e487c29-dsc03408.jpg",266035,2026-05-28T16:45:08.068318,true,https://99dev.pro/bucket/files/public/giovannimiranda09/2026/05/7622417971ce4bdaaef4ed9c43c2b975.jpg
3bfa94f02969115935aecdd11210d62a69a1b9be771957d77a88348de3f46bcc,2202,"1779983216043-6a9c6e0f-523f-47e3-afa0-110f1a2f609e-dsc03408.jpg",266035,2026-05-28T15:46:55.691841,true,https://99dev.pro/bucket/files/public/giovannimiranda09/2026/05/6cd3dbb9bc004b1c9e97c91bdd14bc20.jpg
8b2c22eaa358bb02e65cfcf2caa9805e83f6f9aa2794181d9f4b6a4b28920b15,2350,"1779986706801-39ffae74-2ecb-44ad-b724-5c1a39c0bd83-dsc03407.jpg",259264,2026-05-28T16:45:06.480676,true,https://99dev.pro/bucket/files/public/giovannimiranda09/2026/05/599b2760bcb4478c9733bf040d5957a9.jpg
8b2c22eaa358bb02e65cfcf2caa9805e83f6f9aa2794181d9f4b6a4b28920b15,2200,"1779983214732-2a3b5d2e-d711-43c4-9bad-f0126b4e0ea5-dsc03407.jpg",259264,2026-05-28T15:46:54.270025,true,https://99dev.pro/bucket/files/public/giovannimiranda09/2026/05/9376dd728c384fa9ab69b5f7543869a6.jpg
dd4cdd3b1b03f53511a4ac2a38d5645ba1398760d4f5bd42eedb4b54a95bae18,2448,"1779986906832-ee865170-2981-4829-9d32-92a97776f187-dsc04554.jpg",258601,2026-05-28T16:48:26.469763,true,https://99dev.pro/bucket/files/public/giovannimiranda09/2026/05/3f3e4edbed544febbcc486c39bef0609.jpg
dd4cdd3b1b03f53511a4ac2a38d5645ba1398760d4f5bd42eedb4b54a95bae18,2176,"1779982905093-34c9507a-42e8-4a2f-9192-e57195333d4c-dsc04554.jpg",258601,2026-05-28T15:41:44.692282,true,https://99dev.pro/bucket/files/public/giovannimiranda09/2026/05/a66ea493b1d740309687b396c709ef82.jpg
95991844c53b011203425d95654895e61202547e753174d3c5f06d492103619b,2555,"1780088574649-64992ed0-72cc-4e4a-94a4-6108675f3124-dsc04674.jpg",237817,2026-05-29T21:02:56.157131,true,https://99dev.pro/bucket/files/public/giovannimiranda09/2026/05/70401c308d884302a7d90b01688283b4.jpg
95991844c53b011203425d95654895e61202547e753174d3c5f06d492103619b,2468,"1780084158735-3089ade7-dd87-43ac-ba05-6e1768b4fdef-dsc04674.jpg",237817,2026-05-29T19:49:18.809182,true,https://99dev.pro/bucket/files/public/giovannimiranda09/2026/05/b901e6e0b7084f69946ff74d6d1b4261.jpg
94151ebcb3717eceb377e2f50ceb7ac656f0a7649a539387352aa9c009e04db6,2383,"1779986773959-0c857715-6246-46c6-8485-1038f4e8d545-dsc04128-preview.jpg",40384,2026-05-28T16:46:13.501269,true,https://99dev.pro/bucket/files/public/giovannimiranda09/2026/05/669e63b19c3b440faecd7c45b0b2c556.jpg
94151ebcb3717eceb377e2f50ceb7ac656f0a7649a539387352aa9c009e04db6,2095,"1779982739897-81503ff3-65a5-4e9c-a555-3c8d83c1f76c-dsc04128-preview.jpg",40384,2026-05-28T15:38:59.378585,true,https://99dev.pro/bucket/files/public/giovannimiranda09/2026/05/34d26b31cf2d4a3c8ae0274966bc082e.jpg
f469de906cfb69db7e986f8ac0c74d310daddd9acf8031b205d7038c8c4b24ed,2513,"1780087821786-2fabcdac-889f-4867-a087-cabbd687975f-dsc04104-preview.jpg",34459,2026-05-29T20:50:22.008195,true,https://99dev.pro/bucket/files/public/giovannimiranda09/2026/05/7eb196e028034591aab2f7319c3042d9.jpg
f469de906cfb69db7e986f8ac0c74d310daddd9acf8031b205d7038c8c4b24ed,2089,"1779982729093-a30f16a6-bdd3-4157-a716-594370ef66c1-dsc04104-preview.jpg",34459,2026-05-28T15:38:48.584547,true,https://99dev.pro/bucket/files/public/giovannimiranda09/2026/05/8ea36afd3b754855a7e257e5add335dc.jpg
d2e79f956a820a3425c5107d647469730168d622692724bdb733be20df8eceea,2321,"1779986514166-54b7d4ed-e75d-4cf1-a732-232e382db341-dsc04293-preview.jpg",33839,2026-05-28T16:41:53.756770,true,https://99dev.pro/bucket/files/public/giovannimiranda09/2026/05/3c6d36292a0744e5a54d0b593dae3972.jpg
d2e79f956a820a3425c5107d647469730168d622692724bdb733be20df8eceea,2133,"1779982818697-0fee4527-99dd-4f83-8b29-bba00cc87348-dsc04293-preview.jpg",33839,2026-05-28T15:40:18.377165,true,https://99dev.pro/bucket/files/public/giovannimiranda09/2026/05/509277aead8944028ce1d410b5b8c71c.jpg
aafd05ec96e2457753215979772570e707093b56a0d19b48541a0afdc7a01817,2293,"1779986457025-3cd5cdba-5a22-4af8-8be1-8b299a4af497-dsc03795-preview.jpg",33414,2026-05-28T16:40:56.609582,true,https://99dev.pro/bucket/files/public/giovannimiranda09/2026/05/ee9c85f886b540438173b5074abc9307.jpg
aafd05ec96e2457753215979772570e707093b56a0d19b48541a0afdc7a01817,2033,"1779982616652-dbee73c2-e1f3-4f49-b724-42dc79dad047-dsc03795-preview.jpg",33414,2026-05-28T15:36:56.112046,true,https://99dev.pro/bucket/files/public/giovannimiranda09/2026/05/2736369a9c024d8db72af18e175bf73e.jpg
aaa0763f69e4b20b80668365ed931e9f0ee63dc8bac0b57f43ce8825e820bc78,2488,"1780087785604-21b349dc-c2bb-40f4-810d-c229666cb522-dsc03993-preview.jpg",33126,2026-05-29T20:49:45.827464,true,https://99dev.pro/bucket/files/public/giovannimiranda09/2026/05/504a3e7ba9e84208887c32cce52d012f.jpg
aaa0763f69e4b20b80668365ed931e9f0ee63dc8bac0b57f43ce8825e820bc78,2067,"1779982684330-2dfd32d2-09cd-4593-a1ab-94196b94650f-dsc03993-preview.jpg",33126,2026-05-28T15:38:03.899563,true,https://99dev.pro/bucket/files/public/giovannimiranda09/2026/05/ae4b95c9734d4d07937ea72b1bbdd43e.jpg
c4f8e8b5232329d5a440bd86b15565f20ac2d63435286127dc8ffabf0cc91d18,2313,"1779986473441-24341c0d-3416-424a-b3c7-e45f07733ad0-dsc03906-preview.jpg",32752,2026-05-28T16:41:13.069325,true,https://99dev.pro/bucket/files/public/giovannimiranda09/2026/05/f0cecc319a8d483e8d5d5d9b4556bcdb.jpg
c4f8e8b5232329d5a440bd86b15565f20ac2d63435286127dc8ffabf0cc91d18,2051,"1779982654100-f5268c54-0c98-43d5-b003-e4529a1968f1-dsc03906-preview.jpg",32752,2026-05-28T15:37:33.751377,true,https://99dev.pro/bucket/files/public/giovannimiranda09/2026/05/568cd2f57ca24b58b742925670fb4b85.jpg
c10f06b05bacece67f8d3faac3d98d5536bf50b3f6b6218c3bfac419201975de,2245,"1779986354061-8c0ec1e7-7353-493e-ad10-8dac454fa084-dsc03332-preview.jpg",32723,2026-05-28T16:39:13.595399,true,https://99dev.pro/bucket/files/public/giovannimiranda09/2026/05/18096d90b2594d70955ae9954e2bcf26.jpg
c10f06b05bacece67f8d3faac3d98d5536bf50b3f6b6218c3bfac419201975de,1977,"1779982495971-45565b9e-4abc-42c0-91a6-99231475525e-dsc03332-preview.jpg",32723,2026-05-28T15:34:55.461970,true,https://99dev.pro/bucket/files/public/giovannimiranda09/2026/05/4043f0ec32b3471db95a80e132990a64.jpg
a4c65a4d3b9098b39732a9574bb36e29dfbba7cabc97884c37873dbeb7f28456,2243,"1779986350074-abde3cb8-41c1-402f-9036-9a6fe8939592-dsc03331-preview.jpg",32477,2026-05-28T16:39:09.811660,true,https://99dev.pro/bucket/files/public/giovannimiranda09/2026/05/d3e112387b5449f0b138a6ede2ac03e4.jpg
a4c65a4d3b9098b39732a9574bb36e29dfbba7cabc97884c37873dbeb7f28456,1975,"1779982492359-1d164740-b094-4fc4-8a3e-15da8180da10-dsc03331-preview.jpg",32477,2026-05-28T15:34:51.906668,true,https://99dev.pro/bucket/files/public/giovannimiranda09/2026/05/26d238684b204160b5d55f8632cad7f3.jpg
769e34c1ea933f9791833ed75e7f33c908b4cf84e002ea105f8b6d29c759e08f,2305,"1779986466940-735c6134-2fc2-439f-b823-2161effa16dd-dsc03877-preview.jpg",32237,2026-05-28T16:41:06.492806,true,https://99dev.pro/bucket/files/public/giovannimiranda09/2026/05/84ad5bd9d9a24167a32ee7e99bc4746c.jpg
769e34c1ea933f9791833ed75e7f33c908b4cf84e002ea105f8b6d29c759e08f,2045,"1779982640294-f0a723a5-a4a1-454e-8d84-c7fd89ae9943-dsc03877-preview.jpg",32237,2026-05-28T15:37:19.804802,true,https://99dev.pro/bucket/files/public/giovannimiranda09/2026/05/850fb45820c84eb18ae8c30504e60a88.jpg
117bfd524ec182018159f4199b403df85fb67571633e060d7f27d04b261088e4,2343,"1779986531472-a7c83fa5-e9e3-4140-900a-053dbff334c1-dsc04387-preview.jpg",32220,2026-05-28T16:42:11.059631,true,https://99dev.pro/bucket/files/public/giovannimiranda09/2026/05/26f2d7c88a9a4f0494a0cf56bf754c92.jpg
117bfd524ec182018159f4199b403df85fb67571633e060d7f27d04b261088e4,2153,"1779982847765-4bc0c606-25a7-46c7-9484-787131a09809-dsc04387-preview.jpg",32220,2026-05-28T15:40:47.391523,true,https://99dev.pro/bucket/files/public/giovannimiranda09/2026/05/058ec9dfaf6c4e728f8746652fb2be09.jpg
3cd5a73c642f97386fbbd0418c8e7dadab1cf06dc663a5373bae3d9d17a3697b,2311,"1779986471639-7625421f-c968-439f-8dc9-63858e38662e-dsc03904-preview.jpg",32192,2026-05-28T16:41:11.205273,true,https://99dev.pro/bucket/files/public/giovannimiranda09/2026/05/696efedc8d7f43e5ad0e799c314586e4.jpg
3cd5a73c642f97386fbbd0418c8e7dadab1cf06dc663a5373bae3d9d17a3697b,2049,"1779982650176-d9d9b028-797f-4a87-93fe-9f6f1e8b64d5-dsc03904-preview.jpg",32192,2026-05-28T15:37:29.668818,true,https://99dev.pro/bucket/files/public/giovannimiranda09/2026/05/64b620d629cf4b35976a715326d71d2b.jpg
e96dc716ff3977f3b9c3fc8fa5bfbaf913a78f90f2341db9648523f7ea05ede8,2271,"1779986414214-84421aa7-dd55-4f39-8f30-098d610a938c-dsc03561-preview.jpg",31724,2026-05-28T16:40:13.766034,true,https://99dev.pro/bucket/files/public/giovannimiranda09/2026/05/0bc991adba3b4cb6812429571662b4fd.jpg
e96dc716ff3977f3b9c3fc8fa5bfbaf913a78f90f2341db9648523f7ea05ede8,2005,"1779982551314-98637f0b-f79b-4bfc-816e-4fa47c50d5e2-dsc03561-preview.jpg",31724,2026-05-28T15:35:50.794214,true,https://99dev.pro/bucket/files/public/giovannimiranda09/2026/05/02a377b2316b4e7295fad63becbf67cb.jpg
f3a4c5eb8bcbc9176ae7113f3e92eb879b5276d9c805bfed3380df3a493ab7b2,2281,"1779986432791-cd85c1b1-df03-4933-a881-5da3ab4d64d8-dsc03659-preview.jpg",31066,2026-05-28T16:40:32.366325,true,https://99dev.pro/bucket/files/public/giovannimiranda09/2026/05/a83e2666b9f84dfa82375501713a832e.jpg
f3a4c5eb8bcbc9176ae7113f3e92eb879b5276d9c805bfed3380df3a493ab7b2,2015,"1779982576480-ad6c62e2-e940-44bc-b414-198bf1eee72e-dsc03659-preview.jpg",31066,2026-05-28T15:36:15.972472,true,https://99dev.pro/bucket/files/public/giovannimiranda09/2026/05/c0866e7bda2847a2927b0dacbea6a202.jpg
96df11034d33c05a617c1f0b1eff13a7c928b7f6b8e434e44f8702ea47b676de,2299,"1779986461437-c27e7231-cee4-41a8-88e6-3c7eb5a8f303-dsc03827-preview.jpg",30854,2026-05-28T16:41:01.060663,true,https://99dev.pro/bucket/files/public/giovannimiranda09/2026/05/29f5ecad537a40ff846cf1aa78dafb92.jpg
96df11034d33c05a617c1f0b1eff13a7c928b7f6b8e434e44f8702ea47b676de,2039,"1779982627968-b52a2d6c-9edc-4e79-a417-52f11872e3f9-dsc03827-preview.jpg",30854,2026-05-28T15:37:07.484483,true,https://99dev.pro/bucket/files/public/giovannimiranda09/2026/05/368b4f8573734f8298057902c4b8173b.jpg
5a1673e5f97f390296de0aea1eaf44543b224bbb03afb4dea376970c1f34f91d,2325,"1779986517462-e14fd158-51a6-4883-ace2-fb307a4be5a3-dsc04311-preview.jpg",30161,2026-05-28T16:41:56.993139,true,https://99dev.pro/bucket/files/public/giovannimiranda09/2026/05/4fafcc1f4d904d97819c455ceb6a5a99.jpg
5a1673e5f97f390296de0aea1eaf44543b224bbb03afb4dea376970c1f34f91d,2137,"1779982826650-9525b720-dc7c-46f5-836a-263eaaa249f8-dsc04311-preview.jpg",30161,2026-05-28T15:40:26.181970,true,https://99dev.pro/bucket/files/public/giovannimiranda09/2026/05/25732157aab94898b3ee1676529763e0.jpg
a7cd6d70b7c666d543db22cccf40568ff5a8fa41c5dd581cc022cf5bd976f30a,2303,"1779986465222-739fc15a-d169-4b7f-bebf-78defad63e8b-dsc03861-preview.jpg",29264,2026-05-28T16:41:04.964285,true,https://99dev.pro/bucket/files/public/giovannimiranda09/2026/05/83f54ae9750c4f748eb222725fa999ce.jpg
a7cd6d70b7c666d543db22cccf40568ff5a8fa41c5dd581cc022cf5bd976f30a,2043,"1779982636205-f8474f8f-5036-4055-bc1c-ffd1619b6892-dsc03861-preview.jpg",29264,2026-05-28T15:37:15.769481,true,https://99dev.pro/bucket/files/public/giovannimiranda09/2026/05/3aba3f3296c74559855ec2010055ca05.jpg
dc588d44ca8d722b38f8d4cd32d1b49c2c9df65754a2c610735a01d91a3175a0,2363,"1779986726073-ee3d74d6-c393-4640-8961-aa7a79c6b7ed-dsc03705-preview.jpg",29136,2026-05-28T16:45:25.719242,true,https://99dev.pro/bucket/files/public/giovannimiranda09/2026/05/db088ad5545048b68f84ec555eec2c2f.jpg
dc588d44ca8d722b38f8d4cd32d1b49c2c9df65754a2c610735a01d91a3175a0,2023,"1779982597805-da957ab2-4727-466c-a869-8cd75afc0c57-dsc03705-preview.jpg",29136,2026-05-28T15:36:37.551270,true,https://99dev.pro/bucket/files/public/giovannimiranda09/2026/05/67c7344cfd4349a6ba45063dde9de905.jpg
44bd5f345dce0fb18d1174b4618c44d07f4ed8308d527ad4d287caa7bdf910e8,2511,"1780087819962-20ce72a6-f9bb-46cb-89e2-2619e0260879-dsc04065-preview.jpg",29088,2026-05-29T20:50:20.271217,true,https://99dev.pro/bucket/files/public/giovannimiranda09/2026/05/e601dbb09763474e9395ff3d250161be.jpg
44bd5f345dce0fb18d1174b4618c44d07f4ed8308d527ad4d287caa7bdf910e8,2087,"1779982725387-c8bc311a-3e1f-40c2-894d-6d4f089be016-dsc04065-preview.jpg",29088,2026-05-28T15:38:44.993164,true,https://99dev.pro/bucket/files/public/giovannimiranda09/2026/05/258c0654698141edb6b67ac6f649504b.jpg
485edf87237c8dd6296da77f22feb756ede614b65d91318c408f992896da8d67,2239,"1779986342107-6b24ba25-ea91-4eac-b8c6-6ad0a4182964-dsc03324-preview.jpg",28863,2026-05-28T16:39:01.942852,true,https://99dev.pro/bucket/files/public/giovannimiranda09/2026/05/26aeffbff165473995f48fda2c25d9ee.jpg
485edf87237c8dd6296da77f22feb756ede614b65d91318c408f992896da8d67,1971,"1779982485270-c8f9b299-b46e-4d5c-88be-6a253af46ad3-dsc03324-preview.jpg",28863,2026-05-28T15:34:44.765926,true,https://99dev.pro/bucket/files/public/giovannimiranda09/2026/05/95e02291d9c349b9b08564a98752dce0.jpg
8606a296fb424c57f5859f3f82f96332cac5528e8111e4627d2f27ee9616910e,2509,"1780087817274-188a5baa-28cf-4b69-8186-d2e4457d21ce-dsc04064-preview.jpg",28655,2026-05-29T20:50:17.666861,true,https://99dev.pro/bucket/files/public/giovannimiranda09/2026/05/442c1b07f97f4a0d86cd844fcf67cbb9.jpg
8606a296fb424c57f5859f3f82f96332cac5528e8111e4627d2f27ee9616910e,2085,"1779982721930-17babbbb-076f-4ced-aa67-e2a631be7761-dsc04064-preview.jpg",28655,2026-05-28T15:38:41.471330,true,https://99dev.pro/bucket/files/public/giovannimiranda09/2026/05/6e81a813131845b6a313544cff763f60.jpg
9d8bce2782d13bbd338dab2b578da91a074c86e93caa01f4e79eb389723527cd,2497,"1780087795072-72eeaf37-38a8-4fcc-a23d-921ca5f01c0a-dsc04025-preview.jpg",28606,2026-05-29T20:49:55.359858,true,https://99dev.pro/bucket/files/public/giovannimiranda09/2026/05/9efa7e66af38471d93dda4a58363374d.jpg
9d8bce2782d13bbd338dab2b578da91a074c86e93caa01f4e79eb389723527cd,2075,"1779982700735-87024df3-c876-4275-bd02-2eff38cd7e9f-dsc04025-preview.jpg",28606,2026-05-28T15:38:20.294625,true,https://99dev.pro/bucket/files/public/giovannimiranda09/2026/05/412a472620ed4534bd7fcdb4a666b0aa.jpg
c3bbb78d2de01050f34045faeb112782b77056530a72a5c4f8b5ee10fe1a6e9a,2505,"1780087810096-e6d868d9-6dfa-446e-8032-09e2c570759a-dsc04050-preview.jpg",28511,2026-05-29T20:50:10.357208,true,https://99dev.pro/bucket/files/public/giovannimiranda09/2026/05/6a2a8964f51046c38c9324bc8dadb93b.jpg
c3bbb78d2de01050f34045faeb112782b77056530a72a5c4f8b5ee10fe1a6e9a,2081,"1779982715007-eccdc84d-2db1-468f-8320-f37e78087db8-dsc04050-preview.jpg",28511,2026-05-28T15:38:34.451783,true,https://99dev.pro/bucket/files/public/giovannimiranda09/2026/05/c170a5c5701e49798cad9b232524ed0b.jpg
13fa847640c8b950c6031bb830b0e63a4d13b245094b2d28d42b24004cd53150,2295,"1779986458469-2ce50879-e0b3-4d7e-8874-3343e027b267-dsc03811-preview.jpg",28476,2026-05-28T16:40:57.979090,true,https://99dev.pro/bucket/files/public/giovannimiranda09/2026/05/96f8d1669cfa4cb8bb958233c4ddc630.jpg
13fa847640c8b950c6031bb830b0e63a4d13b245094b2d28d42b24004cd53150,2035,"1779982620379-3eb7b619-cc5e-4769-abf1-e3a9b4ec84f6-dsc03811-preview.jpg",28476,2026-05-28T15:36:59.865765,true,https://99dev.pro/bucket/files/public/giovannimiranda09/2026/05/5e0ff95e9326480bbcf32a1e20d376f2.jpg
078e6cce52568b969a1859f06e36cea1550827a4a0476f9b3580ea5235c5b9f6,2495,"1780087791413-4d050772-b83e-4cd7-a680-00de90b5d543-dsc04023-preview.jpg",28376,2026-05-29T20:49:51.776045,true,https://99dev.pro/bucket/files/public/giovannimiranda09/2026/05/94551f521a404dce9aa714096272263f.jpg
078e6cce52568b969a1859f06e36cea1550827a4a0476f9b3580ea5235c5b9f6,2073,"1779982696370-e31b7fdf-bf7e-4f86-8d2b-b3565e1c5710-dsc04023-preview.jpg",28376,2026-05-28T15:38:15.859811,true,https://99dev.pro/bucket/files/public/giovannimiranda09/2026/05/6db59a39bcc848ff8b1c0fb00e2c0fa3.jpg
e1af1dddb3fc03a930bae56a5df0a1d3add871561487d0d650377702ca5b3eb7,2285,"1779986440435-17af0ee5-d26c-4d29-adc8-58f3fea35b86-dsc03664-preview.jpg",28263,2026-05-28T16:40:40.124341,true,https://99dev.pro/bucket/files/public/giovannimiranda09/2026/05/657353905fa94758a4414b74b36c32da.jpg
e1af1dddb3fc03a930bae56a5df0a1d3add871561487d0d650377702ca5b3eb7,2019,"1779982588014-f6d5e00e-8a9c-40dd-8ed7-c21a0862483d-dsc03664-preview.jpg",28263,2026-05-28T15:36:27.675011,true,https://99dev.pro/bucket/files/public/giovannimiranda09/2026/05/60106b333e4b4f879bcbb2dd13d14e1e.jpg
52abc1efeefd700df645a4a928d3cea73fc0722d78a5f0279c201263d1c0d65e,2463,"1779986934889-8c550ee9-a45c-4bb6-972f-f6a24913062f-dsc04589-preview.jpg",28016,2026-05-28T16:48:54.394864,true,https://99dev.pro/bucket/files/public/giovannimiranda09/2026/05/b8608a4716024687be4816d7a564e96c.jpg
52abc1efeefd700df645a4a928d3cea73fc0722d78a5f0279c201263d1c0d65e,2191,"1779982931307-9d43669a-ac67-46e8-89f5-6a5d44e5ff55-dsc04589-preview.jpg",28016,2026-05-28T15:42:10.852116,true,https://99dev.pro/bucket/files/public/giovannimiranda09/2026/05/46911da2102645b7b68614419bfff59b.jpg
eeef379c02eab21a001ae2ff1a8f111cfe752370a206c5f6bed99754e53a4367,2283,"1779986436858-979789a7-44e9-4c43-92ee-d90e258908f4-dsc03663-preview.jpg",27882,2026-05-28T16:40:36.373570,true,https://99dev.pro/bucket/files/public/giovannimiranda09/2026/05/cd8dc5baf77c4b24bc9a5a919858a4d9.jpg
eeef379c02eab21a001ae2ff1a8f111cfe752370a206c5f6bed99754e53a4367,2017,"1779982581401-1baf642a-2a2e-4ce4-9f02-3000778cacfe-dsc03663-preview.jpg",27882,2026-05-28T15:36:22.103405,true,https://99dev.pro/bucket/files/public/giovannimiranda09/2026/05/d149defdcd5e4455852f97705aa4354f.jpg
eee658953481d09374db0bed23f81f55be46af07c6643e59b1da6d09eccdedaa,2443,"1779986897301-024041c4-9e26-4bc2-8439-6bf3124287d4-dsc04533-preview.jpg",27797,2026-05-28T16:48:16.889278,true,https://99dev.pro/bucket/files/public/giovannimiranda09/2026/05/b07bc2f2e1484367abe9c2a95f008cb6.jpg
eee658953481d09374db0bed23f81f55be46af07c6643e59b1da6d09eccdedaa,2171,"1779982896215-94a51d00-4e01-4be0-81be-4e372ac9bc5f-dsc04533-preview.jpg",27797,2026-05-28T15:41:35.663458,true,https://99dev.pro/bucket/files/public/giovannimiranda09/2026/05/d547e7a1ccde4b1ca6c4261577da781b.jpg
07e1111e9f7ba2fd41662bdfcf71f74e42ba1109ca480cff049d065ca43a4882,2503,"1780087806411-8456c448-53be-4638-9ee2-bf09f0d8f8ec-dsc04048-preview.jpg",27707,2026-05-29T20:50:06.763761,true,https://99dev.pro/bucket/files/public/giovannimiranda09/2026/05/a409ff4e0091416295b446b30890c053.jpg
07e1111e9f7ba2fd41662bdfcf71f74e42ba1109ca480cff049d065ca43a4882,2079,"1779982711198-a677a19f-f6eb-4995-b99e-1c25242dd562-dsc04048-preview.jpg",27707,2026-05-28T15:38:30.694250,true,https://99dev.pro/bucket/files/public/giovannimiranda09/2026/05/311edc37fe9c420e9235170f8991fed8.jpg
29e006cbd0ccf5338bd44cd3be9022b8c7e0ba2ca9dcea7fb4df9140aedecc17,2371,"1779986740752-875b4c1c-2590-4d93-a54c-6d74ce582453-dsc03920-preview.jpg",27602,2026-05-28T16:45:40.275102,true,https://99dev.pro/bucket/files/public/giovannimiranda09/2026/05/234e33094924483fbf44edb7c7ef1331.jpg
29e006cbd0ccf5338bd44cd3be9022b8c7e0ba2ca9dcea7fb4df9140aedecc17,2059,"1779982669098-813cf3e1-743f-43ce-9480-4803777ba678-dsc03920-preview.jpg",27602,2026-05-28T15:37:48.572698,true,https://99dev.pro/bucket/files/public/giovannimiranda09/2026/05/27a7cef15e10415797434049258636db.jpg
c83288e410265845138e4aa263d1c5a06d64043044832fec1d1c617fe9437b9e,2301,"1779986463602-a94a27fd-11db-464c-b556-570bc9f99b0e-dsc03832-preview.jpg",27258,2026-05-28T16:41:03.181793,true,https://99dev.pro/bucket/files/public/giovannimiranda09/2026/05/76d9041abdf843a490e82ea6e2722b32.jpg
c83288e410265845138e4aa263d1c5a06d64043044832fec1d1c617fe9437b9e,2041,"1779982632129-77781e80-ecd3-4873-b224-937bf7ed9928-dsc03832-preview.jpg",27258,2026-05-28T15:37:11.670281,true,https://99dev.pro/bucket/files/public/giovannimiranda09/2026/05/28f2f5ee509c4e72aee39eed3bd1d6b1.jpg
1b299abbe2d25ead49405f1182097cb8f721f0603b207c5f38a30efe22b02af2,2309,"1779986469957-bc740275-8805-4f3c-8700-e4de10f92ebc-dsc03882-preview.jpg",26798,2026-05-28T16:41:09.577909,true,https://99dev.pro/bucket/files/public/giovannimiranda09/2026/05/8b6b5281b1574d1ea4be5ae7f640f5ec.jpg
1b299abbe2d25ead49405f1182097cb8f721f0603b207c5f38a30efe22b02af2,2211,"1779983225882-ca129d6b-2f68-43df-b372-f56d8ca7dd73-dsc03882-preview.jpg",26798,2026-05-28T15:47:05.379346,true,https://99dev.pro/bucket/files/public/giovannimiranda09/2026/05/3d11b3d5ba874417a567a3475df4cd96.jpg
9c3a6ea1f957affcc8abb761c21509c69b1357617a5cf41e4460984a21b6c999,2491,"1780087787596-43c4f188-3906-4852-b1b7-46f6b75eab3f-dsc03997-preview.jpg",26753,2026-05-29T20:49:47.783139,true,https://99dev.pro/bucket/files/public/giovannimiranda09/2026/05/dfe23373acc444aab9845152b6833f6d.jpg
9c3a6ea1f957affcc8abb761c21509c69b1357617a5cf41e4460984a21b6c999,2069,"1779982688267-3d51bb3f-d12c-4eba-9f2e-a719e50ee9e0-dsc03997-preview.jpg",26753,2026-05-28T15:38:07.814975,true,https://99dev.pro/bucket/files/public/giovannimiranda09/2026/05/9979923bda0d4d13965969be314f3163.jpg
4e022238645511c6e8dea0ba5631450d269ca08388f20992625b80b5cd072150,2389,"1779986785041-0055a109-e372-4243-adb3-e2a636d71884-dsc04160-preview.jpg",26706,2026-05-28T16:46:24.663968,true,https://99dev.pro/bucket/files/public/giovannimiranda09/2026/05/eb92fb9618c446fc9d9128a4ec2e3404.jpg
4e022238645511c6e8dea0ba5631450d269ca08388f20992625b80b5cd072150,2101,"1779982751480-1755f1bd-2086-4b4c-9f01-c07d0e90a547-dsc04160-preview.jpg",26706,2026-05-28T15:39:10.976324,true,https://99dev.pro/bucket/files/public/giovannimiranda09/2026/05/3b54edc5dc274ae38b31f1bcb49865e5.jpg
88c740f8219c0e3237b88e249c5f3894efbb2d6b45f1bd997b1489df196a587d,2391,"1779986788724-a8b30fae-29c4-49a6-9bbd-e0ae230d30d6-dsc04162-preview.jpg",26693,2026-05-28T16:46:28.363880,true,https://99dev.pro/bucket/files/public/giovannimiranda09/2026/05/389bab4e9da943d99b5207076b832ae2.jpg
88c740f8219c0e3237b88e249c5f3894efbb2d6b45f1bd997b1489df196a587d,2103,"1779982754936-1df2cbe6-991d-4897-82d0-62d862b76339-dsc04162-preview.jpg",26693,2026-05-28T15:39:14.465889,true,https://99dev.pro/bucket/files/public/giovannimiranda09/2026/05/1a6886d08c7744869316d2fb73efcd70.jpg
e117b2e12de3da95114be735013e89c0e9f1a02223d22dedc238579526273b2b,2229,"1779986330149-43621a5f-cec9-4558-bfb1-1f6bbb8e5b2b-dsc03296-preview.jpg",26640,2026-05-28T16:38:49.695544,true,https://99dev.pro/bucket/files/public/giovannimiranda09/2026/05/6932129dff6f4139b1006915c07813c9.jpg
e117b2e12de3da95114be735013e89c0e9f1a02223d22dedc238579526273b2b,1961,"1779982463300-c426d0d8-b5a0-475d-bfe9-fe4cc2d3391f-dsc03296-preview.jpg",26640,2026-05-28T15:34:22.864972,true,https://99dev.pro/bucket/files/public/giovannimiranda09/2026/05/230ba99653f149f1be2abeadac225313.jpg
fa262d10cb4e13e1ddc77d5b479e3d8624c6040358c379d23ef65ed2360c17e8,2531,"1780087835830-a1b77f95-b28f-4b74-a817-e8c8f9d4a976-dsc04249-preview.jpg",26296,2026-05-29T20:50:36.055545,true,https://99dev.pro/bucket/files/public/giovannimiranda09/2026/05/b9c9a347697142a198fb6fe003e92d6e.jpg
fa262d10cb4e13e1ddc77d5b479e3d8624c6040358c379d23ef65ed2360c17e8,2119,"1779982790508-3475aac4-47f6-498c-96d2-fcf3e6a446d9-dsc04249-preview.jpg",26296,2026-05-28T15:39:49.990504,true,https://99dev.pro/bucket/files/public/giovannimiranda09/2026/05/47e56db94ea14a62a69b45a340a1bd8d.jpg
141278db306dd8f547171a30a266478fae2d05a8dcaa2c4cbbd0d9fd7107f683,2255,"1779986371782-107db027-e129-4bc3-86ee-34a611a3a1b5-dsc03382-preview.jpg",25975,2026-05-28T16:39:31.278472,true,https://99dev.pro/bucket/files/public/giovannimiranda09/2026/05/64769e840b1d4a4687400dd6846102b6.jpg
141278db306dd8f547171a30a266478fae2d05a8dcaa2c4cbbd0d9fd7107f683,1987,"1779982512915-ddd4a851-f6f1-4793-9d1e-c5e5044fad08-dsc03382-preview.jpg",25975,2026-05-28T15:35:12.397298,true,https://99dev.pro/bucket/files/public/giovannimiranda09/2026/05/ae536cbee11c482191c25d8ca6d83b93.jpg
e3d703028b018c4e14b01183f0d31250dcf4d542093bfe0a040aafb96897848d,2233,"1779986333562-b04fe426-5b6a-46ab-9f36-616f820b2eb2-dsc03302-preview.jpg",25947,2026-05-28T16:38:53.173249,true,https://99dev.pro/bucket/files/public/giovannimiranda09/2026/05/98705d949b9b45a598094140b3923883.jpg
e3d703028b018c4e14b01183f0d31250dcf4d542093bfe0a040aafb96897848d,1965,"1779982474867-11338de4-d113-4509-b6a4-267ec402360f-dsc03302-preview.jpg",25947,2026-05-28T15:34:34.402412,true,https://99dev.pro/bucket/files/public/giovannimiranda09/2026/05/33d659d501084abe96e417c7b0b9415f.jpg
6e35371113cb25a804578808021d30317460cf0a53258c374bc827f4405ede1d,2429,"1779986865348-0505ac19-fe2b-430a-b1f4-d4cd55bcfcfe-dsc04435-preview.jpg",25869,2026-05-28T16:47:45.003359,true,https://99dev.pro/bucket/files/public/giovannimiranda09/2026/05/e80a5558694d4e908d8312573081a0f2.jpg
6e35371113cb25a804578808021d30317460cf0a53258c374bc827f4405ede1d,2225,"1779983238592-233de787-b250-4109-b994-759a26d8c242-dsc04435-preview.jpg",25869,2026-05-28T15:47:18.106214,true,https://99dev.pro/bucket/files/public/giovannimiranda09/2026/05/af36b922615a4c48848fcfae556c0f27.jpg
09ec4fad229b9849b3dbe65cf7259f3fc4b73dcc174192905bd73ec64a426db8,2279,"1779986429153-6ddacf8a-782f-4181-ba76-6ee75b6ee78c-dsc03606-preview.jpg",25721,2026-05-28T16:40:28.778386,true,https://99dev.pro/bucket/files/public/giovannimiranda09/2026/05/c4404b0908b34d69ae8eba4cf6f5e5b7.jpg
09ec4fad229b9849b3dbe65cf7259f3fc4b73dcc174192905bd73ec64a426db8,2013,"1779982571273-1f300248-a38f-4532-9600-be4f659d753e-dsc03606-preview.jpg",25721,2026-05-28T15:36:10.855676,true,https://99dev.pro/bucket/files/public/giovannimiranda09/2026/05/9097df2cf4ba48ff8307c1dc896e414a.jpg
dbe72c9283708509af34b7e056ebaa6d73f3ee1e825814b33339cf729fe4ee35,2231,"1779986332018-84a6c0d5-3e1b-4973-963d-9843a9be8803-dsc03297-preview.jpg",25596,2026-05-28T16:38:51.578051,true,https://99dev.pro/bucket/files/public/giovannimiranda09/2026/05/c09ade4240db42cd929d7d6cb1dd6907.jpg
dbe72c9283708509af34b7e056ebaa6d73f3ee1e825814b33339cf729fe4ee35,1963,"1779982470773-ea3bef07-39ba-48af-8422-f1f2c3bcccf8-dsc03297-preview.jpg",25596,2026-05-28T15:34:30.302455,true,https://99dev.pro/bucket/files/public/giovannimiranda09/2026/05/60a35b3df7ae49e39730103f9d8a9f7d.jpg
cd37214ddd9ccf10ba19ba180e434cf5dd98b775dad256caaf474ee9fb338e90,2275,"1779986421577-f9b26aa8-691d-4bcb-a69d-8f4b1cb35245-dsc03590-preview.jpg",25382,2026-05-28T16:40:21.154122,true,https://99dev.pro/bucket/files/public/giovannimiranda09/2026/05/db1ced68d25d4771806513cd0f1d7968.jpg
cd37214ddd9ccf10ba19ba180e434cf5dd98b775dad256caaf474ee9fb338e90,2009,"1779982560676-97ddadee-cae0-4254-8413-5c7bee9b053b-dsc03590-preview.jpg",25382,2026-05-28T15:36:00.271870,true,https://99dev.pro/bucket/files/public/giovannimiranda09/2026/05/cb026818c5874f938e25b2d9b69be7bd.jpg
3716acfc0633589ea224ad78de5fb6d0124e3ac399a8eb17c2c847427ec63ac2,2277,"1779986425330-3b14e224-a14d-4426-b23c-c0fdcfc271cb-dsc03604-preview.jpg",25154,2026-05-28T16:40:24.970422,true,https://99dev.pro/bucket/files/public/giovannimiranda09/2026/05/1885d5caf8c34339847db563420bb3c7.jpg
3716acfc0633589ea224ad78de5fb6d0124e3ac399a8eb17c2c847427ec63ac2,2011,"1779982566105-636ad3f3-1fc0-485e-9700-456a806d61a3-dsc03604-preview.jpg",25154,2026-05-28T15:36:05.618714,true,https://99dev.pro/bucket/files/public/giovannimiranda09/2026/05/6495e80a18df4df1a2186e4ca3767627.jpg
e79572b62e729493d597b14699cc11bf3465e9b3a421063897b8abfec4f15f8f,2357,"1779986715055-6693f429-0060-4cae-80f3-9a4853563bbb-dsc03421-preview.jpg",25093,2026-05-28T16:45:14.715375,true,https://99dev.pro/bucket/files/public/giovannimiranda09/2026/05/4c3548bce27144a6ac6e7b6105f9d6c5.jpg
e79572b62e729493d597b14699cc11bf3465e9b3a421063897b8abfec4f15f8f,2207,"1779983222747-cec80e4c-ba23-4d68-9663-e66b8ea53ed2-dsc03421-preview.jpg",25093,2026-05-28T15:47:02.288279,true,https://99dev.pro/bucket/files/public/giovannimiranda09/2026/05/db4f3e8e3b3c41079eb62fbea7803fbe.jpg
9f464bfc6414109dbc210d7d2d120c3b930c090e4013932823bb89cdf105b472,2269,"1779986410243-5a0b4389-8ac4-4703-8635-31b073bba827-dsc03553-preview.jpg",25086,2026-05-28T16:40:09.851283,true,https://99dev.pro/bucket/files/public/giovannimiranda09/2026/05/1a2a4481bd564b2e983fa7b377a81167.jpg
9f464bfc6414109dbc210d7d2d120c3b930c090e4013932823bb89cdf105b472,2003,"1779982546189-210ce4af-d5d4-4d51-8d2d-ce5a08b53669-dsc03553-preview.jpg",25086,2026-05-28T15:35:45.693058,true,https://99dev.pro/bucket/files/public/giovannimiranda09/2026/05/73e6d8bbc5d34b6aa18fa5e34dc019df.jpg
faa9aca0a4f2672fe2911b6816977ac675df9c2d54c98df8d2b64be1d50d3451,2405,"1779986813949-8f33de03-935b-40e0-9d78-92b8f058112c-dsc04221-preview.jpg",25010,2026-05-28T16:46:53.542422,true,https://99dev.pro/bucket/files/public/giovannimiranda09/2026/05/fdf252b6fe1f4f4d8e5e22e6a504521a.jpg
faa9aca0a4f2672fe2911b6816977ac675df9c2d54c98df8d2b64be1d50d3451,2111,"1779982775027-5e7a5b2f-c28a-4833-bdf3-7bead32b5eb1-dsc04221-preview.jpg",25010,2026-05-28T15:39:34.495983,true,https://99dev.pro/bucket/files/public/giovannimiranda09/2026/05/9002ed86c5524859959833f156de5a80.jpg
88f2fd072910c6b7fdacf78215d60617c75728263792b1dff7445f2450a5297e,2323,"1779986515738-30668f9a-706a-42ba-97e0-121d4357c5d0-dsc04301-preview.jpg",24840,2026-05-28T16:41:55.358416,true,https://99dev.pro/bucket/files/public/giovannimiranda09/2026/05/c68fcb8119394167b2f04fe9e876927a.jpg
88f2fd072910c6b7fdacf78215d60617c75728263792b1dff7445f2450a5297e,2135,"1779982822366-b0d6cd52-b13d-42af-bcb1-ade9078b7f70-dsc04301-preview.jpg",24840,2026-05-28T15:40:21.934372,true,https://99dev.pro/bucket/files/public/giovannimiranda09/2026/05/9355b917bdaf454388fe0e36bee37c0b.jpg
b36068110e182f78fd8dc355e7f055c78c42c33734d6bf425423de83730ceb96,2365,"1779986729757-6acce1f6-51e8-4532-bf41-085e5be3c4fc-dsc03708-preview.jpg",24613,2026-05-28T16:45:29.285559,true,https://99dev.pro/bucket/files/public/giovannimiranda09/2026/05/2069bf32b3244bbfa22a22435f201d07.jpg
b36068110e182f78fd8dc355e7f055c78c42c33734d6bf425423de83730ceb96,2025,"1779982601684-19930c55-49fd-448c-94e9-b76a37826d81-dsc03708-preview.jpg",24613,2026-05-28T15:36:41.355892,true,https://99dev.pro/bucket/files/public/giovannimiranda09/2026/05/0b2a48a973e74445991cc4795e887400.jpg
2e6baec78fb0d9e1c87be9ef28e8eebb0a5e3e6b56a57a2b78b72c97471dc60e,2407,"1779986817653-351907db-0135-419e-a174-f3139e0e1c57-dsc04224-preview.jpg",24577,2026-05-28T16:46:57.272495,true,https://99dev.pro/bucket/files/public/giovannimiranda09/2026/05/d76e3775ad454e609e50a4746d8adde2.jpg
2e6baec78fb0d9e1c87be9ef28e8eebb0a5e3e6b56a57a2b78b72c97471dc60e,2113,"1779982779016-5288df96-f413-4275-b5f5-ec669bdc4257-dsc04224-preview.jpg",24577,2026-05-28T15:39:38.496293,true,https://99dev.pro/bucket/files/public/giovannimiranda09/2026/05/e1142e18c72e460fb7e102baa09082c8.jpg
45249dd885a9a8c7d927c249d4114fbaf0d41232f16643554c4714a43d7eb30c,2409,"1779986828949-6ccaecca-161b-4ccb-a0a9-3442c3a97e09-dsc04254-preview.jpg",24500,2026-05-28T16:47:08.520402,true,https://99dev.pro/bucket/files/public/giovannimiranda09/2026/05/bcb6013962434993b765380ce6ade7ea.jpg
45249dd885a9a8c7d927c249d4114fbaf0d41232f16643554c4714a43d7eb30c,2123,"1779982798451-a4276de9-9ec1-4ba3-845a-75574a6d6831-dsc04254-preview.jpg",24500,2026-05-28T15:39:57.952965,true,https://99dev.pro/bucket/files/public/giovannimiranda09/2026/05/73d70445f4144c6eab312388f27f6d23.jpg
2053682465d3bb1af1b9c24b4eabd48c61fdc17b82ff80ac40da027951935015,2499,"1780087798540-28d1fd33-5915-4e8a-bdb9-b9a6c318f931-dsc04032-preview.jpg",24457,2026-05-29T20:49:58.749375,true,https://99dev.pro/bucket/files/public/giovannimiranda09/2026/05/f0e4967c4d78459f8dd25b1378dd44df.jpg
2053682465d3bb1af1b9c24b4eabd48c61fdc17b82ff80ac40da027951935015,2077,"1779982704863-d09c8d12-82ba-4f7f-86ad-ea5dab632cea-dsc04032-preview.jpg",24457,2026-05-28T15:38:24.374296,true,https://99dev.pro/bucket/files/public/giovannimiranda09/2026/05/1b9f27a371354871aa573564c734e158.jpg
8d4cf149a2d1496ff1148c85924569f472c3f6a5d8dde9b258cda95e3fea654c,2385,"1779986777512-c15872f5-ea53-48ec-ae88-e805a76c8143-dsc04134-preview.jpg",24416,2026-05-28T16:46:17.175387,true,https://99dev.pro/bucket/files/public/giovannimiranda09/2026/05/01e532e507a54be4965f77748cc0f42b.jpg
8d4cf149a2d1496ff1148c85924569f472c3f6a5d8dde9b258cda95e3fea654c,2097,"1779982743597-8b925cd1-3d6c-4d77-b3fd-e91303d64ce3-dsc04134-preview.jpg",24416,2026-05-28T15:39:03.195316,true,https://99dev.pro/bucket/files/public/giovannimiranda09/2026/05/6518320215b8467caf45c15e7462c7ee.jpg
2cecadeaafa2c69c9c1c3da606eaf1e83dfd32f6621927e7e9427bef382a4aab,2289,"1779986453277-ea9767ec-26ba-43af-810b-f8077b62297f-dsc03750-preview.jpg",24232,2026-05-28T16:40:53.062374,true,https://99dev.pro/bucket/files/public/giovannimiranda09/2026/05/882f91bfd6cd457884a46a0d84b7e817.jpg
2cecadeaafa2c69c9c1c3da606eaf1e83dfd32f6621927e7e9427bef382a4aab,2029,"1779982609120-88cfb68b-fc77-42c6-b4d9-7a4049e03f1e-dsc03750-preview.jpg",24232,2026-05-28T15:36:48.668009,true,https://99dev.pro/bucket/files/public/giovannimiranda09/2026/05/d068b6a8ecd34f86879b865035930759.jpg
840fb7c79080c84b0e807ee69fc7384a822906effea6452b687c079dac68689e,2291,"1779986455438-80c98513-aede-4040-92a7-efc50234d7d8-dsc03757-preview.jpg",24190,2026-05-28T16:40:54.955316,true,https://99dev.pro/bucket/files/public/giovannimiranda09/2026/05/aebd8a957b3a40a58af7e6618e2b3959.jpg
840fb7c79080c84b0e807ee69fc7384a822906effea6452b687c079dac68689e,2031,"1779982612769-a946b592-c89c-4d2d-9c62-61d30bc62db3-dsc03757-preview.jpg",24190,2026-05-28T15:36:52.305069,true,https://99dev.pro/bucket/files/public/giovannimiranda09/2026/05/8316beca665244fb9b8bed8f1224fdaf.jpg
f28736150bba677c95201906aace8ebe4bb2ec26a7a97192439dc0c19870e895,2387,"1779986781344-348f3910-1070-447d-9b60-51708dc1c9f7-dsc04155-preview.jpg",24181,2026-05-28T16:46:20.908567,true,https://99dev.pro/bucket/files/public/giovannimiranda09/2026/05/8a65ec0d8bb2469589f825d390eeb624.jpg
f28736150bba677c95201906aace8ebe4bb2ec26a7a97192439dc0c19870e895,2099,"1779982747433-061cac19-9228-4615-86c0-193b5d0bddb1-dsc04155-preview.jpg",24181,2026-05-28T15:39:07.086578,true,https://99dev.pro/bucket/files/public/giovannimiranda09/2026/05/814a7e9a984946089fb8a7bc684c5b6d.jpg
ef0fd2ca6ecad2a99c018757dca3a0149d24b171fd0f5caa515e1295d214aecf,2529,"1780087834534-9c687a77-88e2-4122-91a6-7d91d1e1424d-dsc04242-preview.jpg",24142,2026-05-29T20:50:34.809375,true,https://99dev.pro/bucket/files/public/giovannimiranda09/2026/05/3decebc227264b518fbaa658c2a07627.jpg
ef0fd2ca6ecad2a99c018757dca3a0149d24b171fd0f5caa515e1295d214aecf,2117,"1779982786550-e670efea-ee16-4cfa-8bdb-01ca0209f324-dsc04242-preview.jpg",24142,2026-05-28T15:39:46.010775,true,https://99dev.pro/bucket/files/public/giovannimiranda09/2026/05/1081637a7dea4d069ebd9ab1e091b498.jpg
2750d9009d843f591c693bc247e4f3e6a631b0a08e83e7a8861707897f9c3482,2533,"1780087837098-353502d3-319c-4749-8811-93825e4a62e3-dsc04251-preview.jpg",24040,2026-05-29T20:50:37.323501,true,https://99dev.pro/bucket/files/public/giovannimiranda09/2026/05/62fa07ca13a74dd7bb048b615d35580e.jpg
2750d9009d843f591c693bc247e4f3e6a631b0a08e83e7a8861707897f9c3482,2121,"1779982794113-8d2de51b-067c-4298-8877-18c512044de6-dsc04251-preview.jpg",24040,2026-05-28T15:39:53.663612,true,https://99dev.pro/bucket/files/public/giovannimiranda09/2026/05/8bb07aba6a4f456a91c13ee881f55256.jpg
b49966b48b1cbd84b330a8f684ec92071e6aeeca8a46a650d0a11899f9e76b68,2319,"1779986512563-b0773f50-aba2-4f8c-b901-c76b6da56417-dsc04289-preview.jpg",24000,2026-05-28T16:41:52.093775,true,https://99dev.pro/bucket/files/public/giovannimiranda09/2026/05/42110dd484fa4c909f74cade8cfacfc7.jpg
b49966b48b1cbd84b330a8f684ec92071e6aeeca8a46a650d0a11899f9e76b68,2131,"1779982814620-df8aa5ab-31ca-42c4-b341-f5e911bdb523-dsc04289-preview.jpg",24000,2026-05-28T15:40:14.104566,true,https://99dev.pro/bucket/files/public/giovannimiranda09/2026/05/e87343a3a2c54ba59dda00471d7f57d7.jpg
6ac94fbd23a2ef5f66c717c1c5567834b049a0f305b0701432146e217caf3a9d,2377,"1779986750771-40034941-472a-4040-81c2-eb097e4ab75d-dsc03948-preview.jpg",23993,2026-05-28T16:45:50.292710,true,https://99dev.pro/bucket/files/public/giovannimiranda09/2026/05/2036c541c42a4393b594203021789774.jpg
6ac94fbd23a2ef5f66c717c1c5567834b049a0f305b0701432146e217caf3a9d,2065,"1779982680349-75dcddfa-7476-48bd-9fce-04df11018acc-dsc03948-preview.jpg",23993,2026-05-28T15:37:59.962427,true,https://99dev.pro/bucket/files/public/giovannimiranda09/2026/05/3c0d419373394f17b0d289cd63017a81.jpg
351b8b8aee6175beb6551899fec74543e4ba6085eafbfb94085b87958c3240d5,2411,"1779986832623-2c644fae-4d04-471e-85c7-936d3bb94abc-dsc04256-preview.jpg",23974,2026-05-28T16:47:12.386035,true,https://99dev.pro/bucket/files/public/giovannimiranda09/2026/05/bb6f3ebd973b46f38bf7fba0ec70e436.jpg
351b8b8aee6175beb6551899fec74543e4ba6085eafbfb94085b87958c3240d5,2125,"1779982802041-1c98a6d7-3980-47c6-83bf-08d6fe9eea79-dsc04256-preview.jpg",23974,2026-05-28T15:40:02.090054,true,https://99dev.pro/bucket/files/public/giovannimiranda09/2026/05/ddd4de0abb0f4e3d9b7fcb196db753be.jpg
d1c4e5645deb3de510e69d92ecbfde1cce8b6bb24df3ad0647f1999a301e8593,2441,"1779986893563-274b2206-d5a2-4588-acaf-e697d4ee7bd7-dsc04524-preview.jpg",23941,2026-05-28T16:48:13.183926,true,https://99dev.pro/bucket/files/public/giovannimiranda09/2026/05/d30f3514be45420c84bccaed19424624.jpg
d1c4e5645deb3de510e69d92ecbfde1cce8b6bb24df3ad0647f1999a301e8593,2169,"1779982892776-b0336cde-bbd4-43e9-bf46-f4bb2bd889d7-dsc04524-preview.jpg",23941,2026-05-28T15:41:32.209143,true,https://99dev.pro/bucket/files/public/giovannimiranda09/2026/05/8102dfc19bc94dfaa67f21ec59a9516c.jpg
f734cb276ebfd1780a7b7fed6f3146526178a005a2d336924bb6a22a4a1ab754,2501,"1780087802112-6c6096d3-2d07-4e89-83ca-50892bfaffd6-dsc04036-preview.jpg",23900,2026-05-29T20:50:02.541198,true,https://99dev.pro/bucket/files/public/giovannimiranda09/2026/05/06ef0977d3c14a5e8140010b104f720a.jpg
f734cb276ebfd1780a7b7fed6f3146526178a005a2d336924bb6a22a4a1ab754,2213,"1779983227352-b0499b0b-6241-40aa-a572-e8bc148a352e-dsc04036-preview.jpg",23900,2026-05-28T15:47:06.861381,true,https://99dev.pro/bucket/files/public/giovannimiranda09/2026/05/2f0306c3f70240f69c563e7b91ec8fe2.jpg
bf18a67a3a9b2712b4850b73815b29e312baaa8fa2595d4171064acc70dbcf84,2241,"1779986346178-9f98436d-584e-4661-93a1-bf66584dd791-dsc03328-preview.jpg",23860,2026-05-28T16:39:05.987652,true,https://99dev.pro/bucket/files/public/giovannimiranda09/2026/05/66ad05cc76a64c9b8e57ac0bfd5debbb.jpg
bf18a67a3a9b2712b4850b73815b29e312baaa8fa2595d4171064acc70dbcf84,1973,"1779982488749-106405f5-b245-4e5b-b737-87e699226e35-dsc03328-preview.jpg",23860,2026-05-28T15:34:48.303501,true,https://99dev.pro/bucket/files/public/giovannimiranda09/2026/05/cf46678ba838499a80eba79f4e668619.jpg
a2e2a89ec8a8ef30a21142a62921502bffcd7ab63474f755694a05d7003339d3,2287,"1779986444071-31f5007b-40ad-4779-b8f0-ca7001dfe8b6-dsc03701-preview.jpg",23838,2026-05-28T16:40:43.590416,true,https://99dev.pro/bucket/files/public/giovannimiranda09/2026/05/650f2f5850b84c67a716ccabf14caf6b.jpg
a2e2a89ec8a8ef30a21142a62921502bffcd7ab63474f755694a05d7003339d3,2021,"1779982591862-dc078701-67b3-4293-91b2-fe14b8736418-dsc03701-preview.jpg",23838,2026-05-28T15:36:31.350248,true,https://99dev.pro/bucket/files/public/giovannimiranda09/2026/05/28054d86755d4490b170060f78352abd.jpg
1f4a971cce8ce1a0d7fce65c30453c87e20210bd4841a5359b117a4df687bf74,2403,"1779986810171-3dc78175-8657-439e-ad24-c3aedb1f28b6-dsc04219-preview.jpg",23824,2026-05-28T16:46:49.890371,true,https://99dev.pro/bucket/files/public/giovannimiranda09/2026/05/225252c5f0584bf3bcbc9381384748d7.jpg
1f4a971cce8ce1a0d7fce65c30453c87e20210bd4841a5359b117a4df687bf74,2109,"1779982771282-960a1daa-bfc7-4285-b907-7c840101f50e-dsc04219-preview.jpg",23824,2026-05-28T15:39:30.872072,true,https://99dev.pro/bucket/files/public/giovannimiranda09/2026/05/77ac1f2c05ec492290d0a45db77fe71b.jpg
d913c418eb557ea53a26142fc4aa776935af4f2c6bb769a494933085f3f917dc,2265,"1779986402679-87148d4d-ed42-4b55-8fc4-56e22baea8e9-dsc03490-preview.jpg",23659,2026-05-28T16:40:02.282143,true,https://99dev.pro/bucket/files/public/giovannimiranda09/2026/05/9a29b35a745d46f0907d80cafc0fabf4.jpg
d913c418eb557ea53a26142fc4aa776935af4f2c6bb769a494933085f3f917dc,1999,"1779982538421-94fe4c23-0d1a-45e1-b330-42947cc8b082-dsc03490-preview.jpg",23659,2026-05-28T15:35:37.974216,true,https://99dev.pro/bucket/files/public/giovannimiranda09/2026/05/1168c8ad561745478e05dbd9812705f0.jpg
a24e296ce99762d8d73afcc50be1e597f1f25a9c08457886a479a153bade4a6d,2337,"1779986526675-7dab2c0c-bdd5-4f56-86c5-eec46d094d57-dsc04374-preview.jpg",23572,2026-05-28T16:42:06.197511,true,https://99dev.pro/bucket/files/public/giovannimiranda09/2026/05/75670e4c191240d9b4c71a4ef0823c9c.jpg
a24e296ce99762d8d73afcc50be1e597f1f25a9c08457886a479a153bade4a6d,2147,"1779982842592-40d77b0a-3e84-4b28-a3ba-999deb7134f2-dsc04374-preview.jpg",23572,2026-05-28T15:40:42.160436,true,https://99dev.pro/bucket/files/public/giovannimiranda09/2026/05/c9f37bf1f2764d37a96ce5ad8c002c6c.jpg
d12e5b367eb0ff9334456391c2e9d3630dfd1ed3093a8b01d7c0c32e8672f9b3,2235,"1779986335054-747b7268-d6e2-4a3e-bce2-8f56124806aa-dsc03312-preview.jpg",23406,2026-05-28T16:38:54.670358,true,https://99dev.pro/bucket/files/public/giovannimiranda09/2026/05/d2b972b15444403395ed85b71c8e1a29.jpg
d12e5b367eb0ff9334456391c2e9d3630dfd1ed3093a8b01d7c0c32e8672f9b3,1967,"1779982478351-74cbd6f7-1215-49bf-82f1-7a61409aa6e1-dsc03312-preview.jpg",23406,2026-05-28T15:34:37.861880,true,https://99dev.pro/bucket/files/public/giovannimiranda09/2026/05/67b91eaaa7594a50bf8d7589f445f4d7.jpg
3516d2cb5dd4a0eea5e6ab3fae130f3827ade7dfa31075aeb33d5b942080698a,2349,"1779986705561-52928c8d-cef9-4e7c-ad69-c1110687d879-dsc03405-preview.jpg",23360,2026-05-28T16:45:05.196708,true,https://99dev.pro/bucket/files/public/giovannimiranda09/2026/05/9809064f9c1d4d76bbea1001bf66072d.jpg
3516d2cb5dd4a0eea5e6ab3fae130f3827ade7dfa31075aeb33d5b942080698a,2199,"1779983213759-8a7409b4-c0a7-42bf-8a69-3782dfdecb78-dsc03405-preview.jpg",23360,2026-05-28T15:46:53.202717,true,https://99dev.pro/bucket/files/public/giovannimiranda09/2026/05/36d9ea37d7864b5484fce2300585f0c0.jpg
eaf92723ff6103a5f015c75e741ffcbd024a4ed8ee622a97a4bed88c30442faa,2261,"1779986395732-1f4c9f48-620a-490c-b609-dab7ed8950c4-dsc03483-preview.jpg",23343,2026-05-28T16:39:55.372307,true,https://99dev.pro/bucket/files/public/giovannimiranda09/2026/05/e3a507033c4c4cc4aed2bf44a44cab3d.jpg
eaf92723ff6103a5f015c75e741ffcbd024a4ed8ee622a97a4bed88c30442faa,1995,"1779982529034-7f0c6776-e4d0-4910-a51b-30479bfc54c7-dsc03483-preview.jpg",23343,2026-05-28T15:35:28.552123,true,https://99dev.pro/bucket/files/public/giovannimiranda09/2026/05/270399be6ea04c4896e4dbe8a7ecba9f.jpg
e5774044ba85417ca17ca71c24e26b544d5c64135644f5e8b6234c9f9abb2999,2527,"1780087832562-1175b11f-ff24-41ea-a574-8cea0b27525b-dsc04231-preview.jpg",23244,2026-05-29T20:50:32.781242,true,https://99dev.pro/bucket/files/public/giovannimiranda09/2026/05/22abc01668f54048809d17efacd64dc0.jpg
e5774044ba85417ca17ca71c24e26b544d5c64135644f5e8b6234c9f9abb2999,2115,"1779982782749-90059ec3-e3d9-455b-bf98-52b331cbb047-dsc04231-preview.jpg",23244,2026-05-28T15:39:42.380657,true,https://99dev.pro/bucket/files/public/giovannimiranda09/2026/05/a99281143fe34f3e8f38be9144639506.jpg
f6ef13ef8671be348b18e958f77b134ba001746f98c87f5a4111baa5b5fb2f4c,2263,"1779986399165-f3dab3ea-b853-4fc5-b2d6-1976c803b229-dsc03484-preview.jpg",22850,2026-05-28T16:39:58.676344,true,https://99dev.pro/bucket/files/public/giovannimiranda09/2026/05/3ee9027729f841819c3ae9f3ab8cc1f9.jpg
f6ef13ef8671be348b18e958f77b134ba001746f98c87f5a4111baa5b5fb2f4c,1997,"1779982532893-82a70902-5201-4d66-9148-bb6ae4c3b425-dsc03484-preview.jpg",22850,2026-05-28T15:35:32.368330,true,https://99dev.pro/bucket/files/public/giovannimiranda09/2026/05/911a56ae12a24b0c8429f63719c46511.jpg
dc4ccf5bc06e2a0b31867b9ed214136b34a5cf7dbfb1d5d6d14b900b68674846,2341,"1779986529785-73e5624b-e07c-4e14-926a-7c8e9db3ed93-dsc04383-preview.jpg",22735,2026-05-28T16:42:09.496993,true,https://99dev.pro/bucket/files/public/giovannimiranda09/2026/05/2990fcaa3d1c4c96a184bc654ef5c538.jpg
dc4ccf5bc06e2a0b31867b9ed214136b34a5cf7dbfb1d5d6d14b900b68674846,2151,"1779982845818-4bc2f640-8ffa-4333-a6a6-8bf3c4a6dda3-dsc04383-preview.jpg",22735,2026-05-28T15:40:45.369326,true,https://99dev.pro/bucket/files/public/giovannimiranda09/2026/05/3adcc05bab134438adaa7923256f5357.jpg
783125f6d8c127188a9cf34f0d287ab2db9cf7f0899ceaf9cc788cc94881c837,2339,"1779986528178-889bf14f-6fe9-4c58-b369-fab41a7e2613-dsc04378-preview.jpg",22710,2026-05-28T16:42:07.719442,true,https://99dev.pro/bucket/files/public/giovannimiranda09/2026/05/aaec792ee44a45c79aeb0212bba8bf1f.jpg
783125f6d8c127188a9cf34f0d287ab2db9cf7f0899ceaf9cc788cc94881c837,2149,"1779982844225-221fb7f6-6098-4339-8550-3c1d44e0050f-dsc04378-preview.jpg",22710,2026-05-28T15:40:43.781990,true,https://99dev.pro/bucket/files/public/giovannimiranda09/2026/05/1972bf3f8ce64ec3b624370a22d0e305.jpg
e42b721e8f6db6c0bf3ab01b61d43444d23c9317450b126f36d6c4977d187415,2251,"1779986364668-20057423-9a24-42bb-a3d3-ecae356795e7-dsc03365-preview.jpg",22488,2026-05-28T16:39:24.256590,true,https://99dev.pro/bucket/files/public/giovannimiranda09/2026/05/331fa1a7e39b4d8db7a9b013d35f282c.jpg
e42b721e8f6db6c0bf3ab01b61d43444d23c9317450b126f36d6c4977d187415,1983,"1779982507406-a9f51c7a-68c6-4068-a9d0-64ca98c6ca36-dsc03365-preview.jpg",22488,2026-05-28T15:35:06.929335,true,https://99dev.pro/bucket/files/public/giovannimiranda09/2026/05/304d267a5ef24ed28da72f7a840b891a.jpg
333a62d275187e146ea20536d499e98641957a85a1d3a5d4b0961bb4d7e25bbf,2247,"1779986357572-230e3e9c-3675-42ba-ad02-132c52acb32a-dsc03338-preview.jpg",22482,2026-05-28T16:39:17.194025,true,https://99dev.pro/bucket/files/public/giovannimiranda09/2026/05/7e8de6127ae24b03b3207730b7207e3f.jpg
333a62d275187e146ea20536d499e98641957a85a1d3a5d4b0961bb4d7e25bbf,1979,"1779982499443-40636b6b-76f1-4c88-9d72-f4b2b63711b1-dsc03338-preview.jpg",22482,2026-05-28T15:34:58.910975,true,https://99dev.pro/bucket/files/public/giovannimiranda09/2026/05/7a2dd9336e084310894466a72019bb5f.jpg
5c1915591fd55eae51b3f71c835bf01ec2de08f3c136f7333bafd4798c6c17ca,2367,"1779986733335-5286546a-f35f-47cd-a45d-01701b53ccca-dsc03720-preview.jpg",22455,2026-05-28T16:45:32.879450,true,https://99dev.pro/bucket/files/public/giovannimiranda09/2026/05/6ef91c385a4b4e67bee575fea0aa103d.jpg
5c1915591fd55eae51b3f71c835bf01ec2de08f3c136f7333bafd4798c6c17ca,2027,"1779982605368-31ccafec-3cf2-4f2c-9140-08c25a08b9ce-dsc03720-preview.jpg",22455,2026-05-28T15:36:44.895600,true,https://99dev.pro/bucket/files/public/giovannimiranda09/2026/05/8cf02ccba3034ba7b46a79f5dd2268f3.jpg
7c082f6cf1966982408e1f36ad7dc627d7f454ca633186ff29d58e48d5b681ed,2237,"1779986338569-a8229583-a002-4c78-8815-56e99d059308-dsc03317-preview.jpg",22448,2026-05-28T16:38:58.063506,true,https://99dev.pro/bucket/files/public/giovannimiranda09/2026/05/3e26f7f45bee408daab6d5ccee12466b.jpg
7c082f6cf1966982408e1f36ad7dc627d7f454ca633186ff29d58e48d5b681ed,1969,"1779982481788-7eb959d9-b068-42c5-96c8-790ae67b2a3d-dsc03317-preview.jpg",22448,2026-05-28T15:34:41.309088,true,https://99dev.pro/bucket/files/public/giovannimiranda09/2026/05/11cecaee6bbd4b4c96d3597c5b7060af.jpg
35df9c7514d14e3d84d2177669d70d20b3467396d1f5b576290c1441e41dcf4e,2507,"1780087813685-da9abc53-51ea-4ef0-8d51-2d31aeba4a62-dsc04058-preview.jpg",22257,2026-05-29T20:50:13.920114,true,https://99dev.pro/bucket/files/public/giovannimiranda09/2026/05/47021a5b599a4ab981d850869c515a2e.jpg
35df9c7514d14e3d84d2177669d70d20b3467396d1f5b576290c1441e41dcf4e,2083,"1779982718354-6828bd8b-e72f-4bbf-89b3-f395ddd35897-dsc04058-preview.jpg",22257,2026-05-28T15:38:37.809865,true,https://99dev.pro/bucket/files/public/giovannimiranda09/2026/05/fc16dd07411d404d8bdeea7a48b7152d.jpg
d139141eb3048fb972c441109bf1758fb584d54f7f5d29b7ae4e6a1f28d13190,2395,"1779986796037-eb18b5ce-3186-41f7-8dda-3eea0742f3bd-dsc04176-preview.jpg",22216,2026-05-28T16:46:35.562088,true,https://99dev.pro/bucket/files/public/giovannimiranda09/2026/05/2c765bf9dffe45db94fedf20b3da370e.jpg
d139141eb3048fb972c441109bf1758fb584d54f7f5d29b7ae4e6a1f28d13190,2107,"1779982762169-844fdb95-e6e7-440d-a460-1521a8e172cd-dsc04176-preview.jpg",22216,2026-05-28T15:39:21.702687,true,https://99dev.pro/bucket/files/public/giovannimiranda09/2026/05/a78ec00864ec49ca8bc3c411491a1590.jpg
338d07d3cfdeb9e95f296a02d71b795fad1d5173a700654ea6be0c331d4accdd,2453,"1779986916270-daa21609-b94e-4b65-85fb-b8342ede65b5-dsc04560-preview.jpg",22208,2026-05-28T16:48:35.937250,true,https://99dev.pro/bucket/files/public/giovannimiranda09/2026/05/7c0bb229723c4194998b717a11a4c6da.jpg
338d07d3cfdeb9e95f296a02d71b795fad1d5173a700654ea6be0c331d4accdd,2181,"1779982913630-fb7cdfa2-9aa6-40c5-823f-c0e82bdd6ee9-dsc04560-preview.jpg",22208,2026-05-28T15:41:53.080285,true,https://99dev.pro/bucket/files/public/giovannimiranda09/2026/05/c165ec17898a4c7bb147dabf841f2a84.jpg
8d5c39fad8b913cd872595a0ffb6480a8c3379506e75c0f449dfc14d465d1f4d,2373,"1779986744296-0867d4c0-3dee-4345-9bfe-51c691c027ca-dsc03923-preview.jpg",22128,2026-05-28T16:45:43.788662,true,https://99dev.pro/bucket/files/public/giovannimiranda09/2026/05/14d85cab8438452994e3c54b6681f8c8.jpg
8d5c39fad8b913cd872595a0ffb6480a8c3379506e75c0f449dfc14d465d1f4d,2061,"1779982672853-e21ef5d2-c5da-4c71-806d-ff601380a7e5-dsc03923-preview.jpg",22128,2026-05-28T15:37:52.357890,true,https://99dev.pro/bucket/files/public/giovannimiranda09/2026/05/6029fccc49ad444da801a6b9bb1c5dab.jpg
57375cba97442f64d2780914e794b81805fea5d09d4bf430cfaba00feaaf66bc,2307,"1779986468512-178241c5-6f1c-4158-8bb0-10f0e672da6e-dsc03880-preview.jpg",22071,2026-05-28T16:41:08.031644,true,https://99dev.pro/bucket/files/public/giovannimiranda09/2026/05/4f573defe1eb4122990852cf3a7c563c.jpg
57375cba97442f64d2780914e794b81805fea5d09d4bf430cfaba00feaaf66bc,2047,"1779982644207-c60359c3-6bbf-426b-bef4-9ab1d2de7220-dsc03880-preview.jpg",22071,2026-05-28T15:37:23.674371,true,https://99dev.pro/bucket/files/public/giovannimiranda09/2026/05/a1c37c12d7c24ae8887b927d276a1cd6.jpg
d2a7b4d87abe84a43f80a0f3793a6a047762c536faf29c3b41b700c4fdc73bc3,2369,"1779986736844-d5bfeba9-0e04-4e80-b9bb-86bfd9e7d585-dsc03917-preview.jpg",21996,2026-05-28T16:45:36.473509,true,https://99dev.pro/bucket/files/public/giovannimiranda09/2026/05/c5c595c664cb4cd78694f42cc016f0e0.jpg
d2a7b4d87abe84a43f80a0f3793a6a047762c536faf29c3b41b700c4fdc73bc3,2057,"1779982665315-c82db7b4-58e1-44e6-a44f-a78d731fe3c1-dsc03917-preview.jpg",21996,2026-05-28T15:37:44.856659,true,https://99dev.pro/bucket/files/public/giovannimiranda09/2026/05/075998b96850440ca5fd6a608db594d5.jpg
a495961ce5b725a5982f893da5a4eb1d18684dcccc75e916b555fcc1a96aaa8f,2393,"1779986792247-9c8325b8-69a1-411c-8088-aa244dff8b1d-dsc04168-preview.jpg",21795,2026-05-28T16:46:31.783210,true,https://99dev.pro/bucket/files/public/giovannimiranda09/2026/05/ed30ab1e77e14d5da04368af696e6111.jpg
a495961ce5b725a5982f893da5a4eb1d18684dcccc75e916b555fcc1a96aaa8f,2105,"1779982758343-22987c33-c0fc-438e-8223-4b3a558fa3f1-dsc04168-preview.jpg",21795,2026-05-28T15:39:17.841021,true,https://99dev.pro/bucket/files/public/giovannimiranda09/2026/05/bf36bb33be12440a98b2c61c9c1f5c0f.jpg
bd7e75648430859ac557e98f7347408ef30d1e77b3d3095a47801267e7e0de9f,2413,"1779986836346-e6eaa1f6-79c5-4d4a-a351-8ba28ba13d3a-dsc04257-preview.jpg",21658,2026-05-28T16:47:15.950634,true,https://99dev.pro/bucket/files/public/giovannimiranda09/2026/05/d3e17368fa794a05a148141958bf92ad.jpg
bd7e75648430859ac557e98f7347408ef30d1e77b3d3095a47801267e7e0de9f,2127,"1779982806518-8bda3b14-ee32-4085-bef9-a574d2ab9c3d-dsc04257-preview.jpg",21658,2026-05-28T15:40:06.253565,true,https://99dev.pro/bucket/files/public/giovannimiranda09/2026/05/685a9b32e33949089a574ce8bc9c9347.jpg
f8f3446a7bec223a251106da58dfb511a43372eac45d85be4921ccd5902c19fd,2455,"1779986920577-ac97d19d-37a8-4bbe-9a03-bc6b15c0b47e-dsc04561-preview.jpg",21640,2026-05-28T16:48:40.179320,true,https://99dev.pro/bucket/files/public/giovannimiranda09/2026/05/ad2fc112b97b429da297c82610b45c08.jpg
f8f3446a7bec223a251106da58dfb511a43372eac45d85be4921ccd5902c19fd,2183,"1779982917021-72754127-5ed8-4180-b619-bf60984d4f3b-dsc04561-preview.jpg",21640,2026-05-28T15:41:56.553291,true,https://99dev.pro/bucket/files/public/giovannimiranda09/2026/05/d8f28ce27b00466fba5d0e468babd2d8.jpg
e573a3ce1274476a779e249c43e46bb4030a963983ac24caecb7c0829752594d,2297,"1779986459843-60c6532c-046a-457d-ba9c-67650759fb51-dsc03814-preview.jpg",21394,2026-05-28T16:40:59.384537,true,https://99dev.pro/bucket/files/public/giovannimiranda09/2026/05/2b6c3136271c420abd2e3b88fe9a379f.jpg
e573a3ce1274476a779e249c43e46bb4030a963983ac24caecb7c0829752594d,2037,"1779982623988-aa35b55c-fe5e-45cf-8587-84e259b2163e-dsc03814-preview.jpg",21394,2026-05-28T15:37:03.575687,true,https://99dev.pro/bucket/files/public/giovannimiranda09/2026/05/dc8a8d1ee8874297810e71c246e713c2.jpg
04cba336d73b7d1121c1d9d4c7a8edf293352648f1ee92b3f8216bb162a8f42c,2397,"1779986799571-b15f8554-02d4-4893-9b7e-34772260651f-dsc04177-preview.jpg",21370,2026-05-28T16:46:39.179069,true,https://99dev.pro/bucket/files/public/giovannimiranda09/2026/05/13628fc9ee384665abd915db86f31320.jpg
04cba336d73b7d1121c1d9d4c7a8edf293352648f1ee92b3f8216bb162a8f42c,2215,"1779983228987-4fadc228-c010-4abe-be1c-a95b7afdde86-dsc04177-preview.jpg",21370,2026-05-28T15:47:08.468871,true,https://99dev.pro/bucket/files/public/giovannimiranda09/2026/05/017d10a5e1bf4cfe8b57953168a3034d.jpg
bb21e22921fa6428da76316cb06587041001ed178072830bdb55ff044f02511f,2445,"1779986901157-5454aca6-b5ac-4c27-ae9b-808e4fdcfd8b-dsc04538-preview.jpg",21255,2026-05-28T16:48:20.797075,true,https://99dev.pro/bucket/files/public/giovannimiranda09/2026/05/7ce26b2e93fb4b5c8413bb6f215e28bf.jpg
bb21e22921fa6428da76316cb06587041001ed178072830bdb55ff044f02511f,2173,"1779982899565-82517dc1-ec2b-4eb9-82bb-fe01a3c1212b-dsc04538-preview.jpg",21255,2026-05-28T15:41:39.153932,true,https://99dev.pro/bucket/files/public/giovannimiranda09/2026/05/05d0f9929a6642d6b4abbc33e2dade6a.jpg
c3a463d2c9a92c70c6ace9a807b24039a20e0d57098cde8accbe69ec3f3b9750,2257,"1779986375546-34323136-f126-4519-a2ea-304028f4a979-dsc03390-preview.jpg",21215,2026-05-28T16:39:35.080312,true,https://99dev.pro/bucket/files/public/giovannimiranda09/2026/05/9ec86822ba8f4e2bbb33f77011585b06.jpg
c3a463d2c9a92c70c6ace9a807b24039a20e0d57098cde8accbe69ec3f3b9750,1989,"1779982514461-5e0b5430-7d93-4365-b4c9-6392ad54a6b8-dsc03390-preview.jpg",21215,2026-05-28T15:35:14.060321,true,https://99dev.pro/bucket/files/public/giovannimiranda09/2026/05/cace73e5215d442f810e00f9f1486ac8.jpg
bf8abef1de0404bc20dc6db0302220cb38db37a197b2fedded8cb3d6d374f1e7,2315,"1779986475048-7571cf2b-da4b-4560-81da-00cb6d7361f9-dsc03910-preview.jpg",21167,2026-05-28T16:41:14.598567,true,https://99dev.pro/bucket/files/public/giovannimiranda09/2026/05/7193f92bf60b4a3f8cee412021659944.jpg
bf8abef1de0404bc20dc6db0302220cb38db37a197b2fedded8cb3d6d374f1e7,2053,"1779982657870-f6933a09-a179-494d-9b54-53c678f43c54-dsc03910-preview.jpg",21167,2026-05-28T15:37:37.356822,true,https://99dev.pro/bucket/files/public/giovannimiranda09/2026/05/fe2ce967f9034f3491ba69a0adf0c3e8.jpg
6b58a692bd744fe1b7bc2fc457f9c1f443dcc16600ed0190ba106b3dd7c0cb72,2457,"1779986924198-ce4d053c-f1f4-4f44-a4b7-db5ec2a92c8c-dsc04563-preview.jpg",21153,2026-05-28T16:48:43.701148,true,https://99dev.pro/bucket/files/public/giovannimiranda09/2026/05/53786119da1040dbbacc4c78ac6661d7.jpg
6b58a692bd744fe1b7bc2fc457f9c1f443dcc16600ed0190ba106b3dd7c0cb72,2185,"1779982920580-107c33d1-03eb-43c8-aa84-8cd19734eaf0-dsc04563-preview.jpg",21153,2026-05-28T15:42:00.080439,true,https://99dev.pro/bucket/files/public/giovannimiranda09/2026/05/686f9d81b286417d935a399aa583af2a.jpg
8b49b70b95cc6fa8128d1acb2cb779cc99d074dc25dfe0bce87102da382011f7,2353,"1779986708941-6074d847-503c-4aaa-bdbe-21a90b6c8dcd-dsc03408-preview.jpg",21044,2026-05-28T16:45:08.506694,true,https://99dev.pro/bucket/files/public/giovannimiranda09/2026/05/8adec9d6ab814b71bd5e6938cce673b9.jpg
8b49b70b95cc6fa8128d1acb2cb779cc99d074dc25dfe0bce87102da382011f7,2203,"1779983216660-055ff3b9-68b0-4227-8f51-3eb728cfa1aa-dsc03408-preview.jpg",21044,2026-05-28T15:46:56.298893,true,https://99dev.pro/bucket/files/public/giovannimiranda09/2026/05/23b12b74fa87405795cdcad4a89cd898.jpg
9a5fd5749d06348f564d3cf374d448701dc2b5518d0d954cf50461c515379a3c,2259,"1779986392053-577394b3-4ee4-4384-97b2-0e360738d834-dsc03447-preview.jpg",21043,2026-05-28T16:39:51.603217,true,https://99dev.pro/bucket/files/public/giovannimiranda09/2026/05/097436d488b241c0a9903df1708a86c2.jpg
9a5fd5749d06348f564d3cf374d448701dc2b5518d0d954cf50461c515379a3c,1993,"1779982526904-272b03d7-2c80-4755-8411-9c5adf6cc62e-dsc03447-preview.jpg",21043,2026-05-28T15:35:26.351320,true,https://99dev.pro/bucket/files/public/giovannimiranda09/2026/05/6118e40279a84b9bb13c25934689ab66.jpg
38dfe438534124d276f4ffa977acd1bdeff994cfa4f220a88980a7b34fc7e28d,2361,"1779986722508-5b676cf4-17c5-4f93-a8b7-9a8b0a02e231-dsc03441-preview.jpg",20896,2026-05-28T16:45:22.003696,true,https://99dev.pro/bucket/files/public/giovannimiranda09/2026/05/d9056a4a17814a0f9024e4c57ed19129.jpg
38dfe438534124d276f4ffa977acd1bdeff994cfa4f220a88980a7b34fc7e28d,1991,"1779982525018-2a71f938-13e3-4338-bbe5-2e4e117439e9-dsc03441-preview.jpg",20896,2026-05-28T15:35:24.505414,true,https://99dev.pro/bucket/files/public/giovannimiranda09/2026/05/71762a78784048d7ac508ec311b67def.jpg
e02de9db48ceab877f06e4090525845784a859c10e4f1cbf5c446b7d52c5c98e,2359,"1779986718803-ce236695-26eb-47b3-9142-be90b392e351-dsc03437-preview.jpg",20755,2026-05-28T16:45:18.480530,true,https://99dev.pro/bucket/files/public/giovannimiranda09/2026/05/40189f1af05540efa95bd9101d45c086.jpg
e02de9db48ceab877f06e4090525845784a859c10e4f1cbf5c446b7d52c5c98e,2209,"1779983224266-5f69ed96-47f3-4b31-9b45-d152257ca565-dsc03437-preview.jpg",20755,2026-05-28T15:47:03.872524,true,https://99dev.pro/bucket/files/public/giovannimiranda09/2026/05/9d52a15c648346dda429deb74f8188cf.jpg
69cc8aa27c06844c4a55bceb0753d6b85e3a7bd5587221d964acc13ef063b591,2730,"1780088817211-4b042fba-20d8-4ed5-8cdd-ea8e8a94cb60-dsc05037-preview.jpg",20747,2026-05-29T21:06:57.508896,true,https://99dev.pro/bucket/files/public/giovannimiranda09/2026/05/dc540d11acc144fd9bacbdf591fefe38.jpg
69cc8aa27c06844c4a55bceb0753d6b85e3a7bd5587221d964acc13ef063b591,2489,"1780087785766-8dea6e01-79dc-4b05-b0dd-c02796ecb957-dsc05037-preview.jpg",20747,2026-05-29T20:49:45.991144,true,https://99dev.pro/bucket/files/public/giovannimiranda09/2026/05/8149db976526486b9f0c569b46fe26b2.jpg
6da3096ed67ef657860b7482d376ecd71a3d7efa3bd975fbc40ce4b722098577,2317,"1779986476474-4fbe0583-eaba-433a-acef-ada422a35cef-dsc03913-preview.jpg",20673,2026-05-28T16:41:16.107302,true,https://99dev.pro/bucket/files/public/giovannimiranda09/2026/05/d3ba9e1e93fe4d84a72760b683f159b0.jpg
6da3096ed67ef657860b7482d376ecd71a3d7efa3bd975fbc40ce4b722098577,2055,"1779982661677-ddd56c32-7343-4213-8bc5-f80feb6a872b-dsc03913-preview.jpg",20673,2026-05-28T15:37:41.187559,true,https://99dev.pro/bucket/files/public/giovannimiranda09/2026/05/de631c00ad30442da7c216a015251b19.jpg
9f9ac2f0cfbbc0f71024f13f1b2234d82d30669f35316409da6efd6a3849fceb,2375,"1779986747992-ba78fa60-a381-4efc-bf27-9480d20039a0-dsc03924-preview.jpg",20656,2026-05-28T16:45:47.604180,true,https://99dev.pro/bucket/files/public/giovannimiranda09/2026/05/51b98f563e4b49de8299ea51550bc861.jpg
9f9ac2f0cfbbc0f71024f13f1b2234d82d30669f35316409da6efd6a3849fceb,2063,"1779982676479-b42b3607-891d-4c21-817e-5385b33b85e7-dsc03924-preview.jpg",20656,2026-05-28T15:37:56.062368,true,https://99dev.pro/bucket/files/public/giovannimiranda09/2026/05/668ec588d98947659294fad32e257f5d.jpg
996b852363800eb42a84f4cd3e767aa73eeef5ac2b70c75220101badadc26535,2461,"1779986931159-8a14a30d-f7fb-4143-a0c1-50a1efcdfe2c-dsc04570-preview.jpg",20639,2026-05-28T16:48:50.776790,true,https://99dev.pro/bucket/files/public/giovannimiranda09/2026/05/9080b19a02f741fc8ed6c085b4b26fa9.jpg
996b852363800eb42a84f4cd3e767aa73eeef5ac2b70c75220101badadc26535,2189,"1779982927676-b8731687-9c0b-432f-8bbd-33fd2a805d3b-dsc04570-preview.jpg",20639,2026-05-28T15:42:07.194529,true,https://99dev.pro/bucket/files/public/giovannimiranda09/2026/05/955cbeb33cad467d80969ddacfc48ee5.jpg
b4ae4cfcb1b13d7f45cf9a2c7bd3c0dde8b371a6aa17969d0523c311de36bebd,2720,"1780088807960-75f97751-36a1-441d-85f7-6af493e7f321-dsc05028-preview.jpg",20637,2026-05-29T21:06:48.174270,true,https://99dev.pro/bucket/files/public/giovannimiranda09/2026/05/6580e3c1d3da437cb95828501a86ecc5.jpg
b4ae4cfcb1b13d7f45cf9a2c7bd3c0dde8b371a6aa17969d0523c311de36bebd,2475,"1780087773535-5bc6136c-d91e-4b0f-90bf-2b9cb6ffafff-dsc05028-preview.jpg",20637,2026-05-29T20:49:33.814645,true,https://99dev.pro/bucket/files/public/giovannimiranda09/2026/05/5eee3d5722654ae4ab1eacaa67af3270.jpg
964d35d4840a55bd5c26b717e5ea08db8333a5a913872b0605b3d461f94271f7,2355,"1779986711555-6bfeb0d9-1d62-4de6-9eae-fa6d5a94c3dd-dsc03417-preview.jpg",20628,2026-05-28T16:45:11.104848,true,https://99dev.pro/bucket/files/public/giovannimiranda09/2026/05/ba677bb003184bdb8fb6eaef2feb7021.jpg
964d35d4840a55bd5c26b717e5ea08db8333a5a913872b0605b3d461f94271f7,2205,"1779983221030-51ddf767-4247-418b-8488-ad30352b4976-dsc03417-preview.jpg",20628,2026-05-28T15:47:00.692526,true,https://99dev.pro/bucket/files/public/giovannimiranda09/2026/05/1d3a8b0873944e3287a8c32e26d54330.jpg
837f2238d6406cc5d3fe5d330a8b7144c432a5b7ff838c161e0b1b1bd21ad5f3,2451,"1779986911968-e1a3ff83-0014-4d48-b43e-a526bb6a4f3a-dsc04555-preview.jpg",20582,2026-05-28T16:48:31.561779,true,https://99dev.pro/bucket/files/public/giovannimiranda09/2026/05/6b7a60e61b254f4eb275ae98201ce69c.jpg
837f2238d6406cc5d3fe5d330a8b7144c432a5b7ff838c161e0b1b1bd21ad5f3,2179,"1779982910107-77f5b7dc-05a8-47df-baf4-cae54ccb4d0f-dsc04555-preview.jpg",20582,2026-05-28T15:41:49.596565,true,https://99dev.pro/bucket/files/public/giovannimiranda09/2026/05/f120e223ed5e479c90c023c76d21100f.jpg
23b8831523385223f0952ede04f09849bd67d9d5a760318966c190f977bfd1b2,2447,"1779986904788-8c7b8633-cbf0-441e-ba64-8709451f2ae8-dsc04545-preview.jpg",20549,2026-05-28T16:48:24.411814,true,https://99dev.pro/bucket/files/public/giovannimiranda09/2026/05/2695e48728aa4f328bd6cd4c929893b3.jpg
23b8831523385223f0952ede04f09849bd67d9d5a760318966c190f977bfd1b2,2175,"1779982903166-fe6e83fd-c7c4-41c7-ac53-6b1b5005096a-dsc04545-preview.jpg",20549,2026-05-28T15:41:42.749692,true,https://99dev.pro/bucket/files/public/giovannimiranda09/2026/05/150dfab1b12942d0a20e947906359fd3.jpg
47d3d40f1b988272a3fe20cb6ae45e922f91bea14928403eff33282b99492b1f,2465,"1779986938682-99e6dd3f-58e7-4cf4-a8cf-0f572be685be-dsc04622-preview.jpg",20491,2026-05-28T16:48:58.386456,true,https://99dev.pro/bucket/files/public/giovannimiranda09/2026/05/6960e707a3dd47f5ac879b7fbb29a097.jpg
47d3d40f1b988272a3fe20cb6ae45e922f91bea14928403eff33282b99492b1f,2193,"1779982934882-4c1d6d0c-5b51-4553-b879-72cc4b319af7-dsc04622-preview.jpg",20491,2026-05-28T15:42:14.410785,true,https://99dev.pro/bucket/files/public/giovannimiranda09/2026/05/16ecce9852e64e98a8bae1e5e6fbcd55.jpg
3ec768a4ee43f339e7f6c17fbb0178880a7a8e8694775008d45e9ac64dc286eb,2459,"1779986927674-68e39ea9-7a6b-497a-ae9c-5f093c12e6ef-dsc04564-preview.jpg",20457,2026-05-28T16:48:47.289993,true,https://99dev.pro/bucket/files/public/giovannimiranda09/2026/05/efe82e5670a144b697778514f7b9124e.jpg
3ec768a4ee43f339e7f6c17fbb0178880a7a8e8694775008d45e9ac64dc286eb,2187,"1779982924066-b7100f99-cb28-4105-ae83-f3b091028019-dsc04564-preview.jpg",20457,2026-05-28T15:42:03.690656,true,https://99dev.pro/bucket/files/public/giovannimiranda09/2026/05/65f978e6ad0542049424ab11fc4244b6.jpg
cca4a7a87eca1771fa0ccb78a1044fd6a758a9a9a59dc81df126d0feda2ebda6,2724,"1780088811707-72c2afea-96c4-4c90-a607-7eee9c2b9b71-dsc05031-preview.jpg",20373,2026-05-29T21:06:51.984884,true,https://99dev.pro/bucket/files/public/giovannimiranda09/2026/05/61a1a69399a346bfbd98efb487e6ed28.jpg
cca4a7a87eca1771fa0ccb78a1044fd6a758a9a9a59dc81df126d0feda2ebda6,2479,"1780087777730-a0ab22dd-9eae-4f7b-990f-1dd4a6dc072f-dsc05031-preview.jpg",20373,2026-05-29T20:49:37.936776,true,https://99dev.pro/bucket/files/public/giovannimiranda09/2026/05/2231febbe3b84de7a855986279eeb88e.jpg
b364e04d9eee367fd5a78fbcbc37d020155accf12bada88c71122346c75f124a,2728,"1780088815212-1f4ab56f-96f3-466d-aaf3-fcd3853fb90d-dsc05036-preview.jpg",20294,2026-05-29T21:06:55.621469,true,https://99dev.pro/bucket/files/public/giovannimiranda09/2026/05/f4c6fd10bb144b6b9323cad21a8060ba.jpg
b364e04d9eee367fd5a78fbcbc37d020155accf12bada88c71122346c75f124a,2483,"1780087782327-f6e4393c-ea70-4f23-a115-bc6430316f4f-dsc05036-preview.jpg",20294,2026-05-29T20:49:42.539584,true,https://99dev.pro/bucket/files/public/giovannimiranda09/2026/05/86a08f7740ca4d1b8f25f1742f432845.jpg
0267d2d43fc47530a42e9d8da1bed3180dc8411aa258b9b1e17e8d5925de56a9,2351,"1779986707367-17854ac5-a1f6-4419-8eb8-3d5540a9afda-dsc03407-preview.jpg",20196,2026-05-28T16:45:06.942160,true,https://99dev.pro/bucket/files/public/giovannimiranda09/2026/05/b2b8b2c7bac74174b32e59eedfdf67a0.jpg
0267d2d43fc47530a42e9d8da1bed3180dc8411aa258b9b1e17e8d5925de56a9,2201,"1779983215180-23b4c9e8-9ff9-4e48-8347-5f574eb3c593-dsc03407-preview.jpg",20196,2026-05-28T15:46:54.684014,true,https://99dev.pro/bucket/files/public/giovannimiranda09/2026/05/5917ed665b5b47be83f39ab13390fbb5.jpg
62790414971c76018c48569399c9750ef557ce88111e6466fe1759579fdda70c,2415,"1779986839880-9f5f68be-f238-475e-8bbd-50a4a2039048-dsc04269-preview.jpg",20185,2026-05-28T16:47:19.575695,true,https://99dev.pro/bucket/files/public/giovannimiranda09/2026/05/119cddc06300420db92a5c455cbb2fd7.jpg
62790414971c76018c48569399c9750ef557ce88111e6466fe1759579fdda70c,2129,"1779982810530-d4650426-e337-40cf-8f20-4ba599861a8d-dsc04269-preview.jpg",20185,2026-05-28T15:40:10.183993,true,https://99dev.pro/bucket/files/public/giovannimiranda09/2026/05/5cf531f6c2d54b34b660fe01b2c95863.jpg
c44aab9a5c6c69a87009a216ccf25b7bef9d7e375e3d2bc614357fd52eb16c88,2722,"1780088809866-38055e73-2074-417d-8e9d-5abc08a1f0b9-dsc05030-preview.jpg",20058,2026-05-29T21:06:50.090641,true,https://99dev.pro/bucket/files/public/giovannimiranda09/2026/05/d4ff737b1395462c9fc9949f09c3aa6e.jpg
c44aab9a5c6c69a87009a216ccf25b7bef9d7e375e3d2bc614357fd52eb16c88,2477,"1780087775479-a640592f-95ce-4d61-9d1a-db661992913b-dsc05030-preview.jpg",20058,2026-05-29T20:49:35.697362,true,https://99dev.pro/bucket/files/public/giovannimiranda09/2026/05/170f6da26aa84ecdbe8762f2ca60bb72.jpg
cc93c0522899b4af802b23f093b5fd2747439f8f9bb1e8542cd664c58ae07d93,2273,"1779986417790-6a6403b5-cf34-4ae7-9d32-6b2b3227db4d-dsc03569-preview.jpg",19979,2026-05-28T16:40:17.387936,true,https://99dev.pro/bucket/files/public/giovannimiranda09/2026/05/42e051e09a2245ccbaae7df47c5e9bf0.jpg
cc93c0522899b4af802b23f093b5fd2747439f8f9bb1e8542cd664c58ae07d93,2007,"1779982555872-31e066e0-6595-43cf-97a9-d54cf3bd09ce-dsc03569-preview.jpg",19979,2026-05-28T15:35:55.476800,true,https://99dev.pro/bucket/files/public/giovannimiranda09/2026/05/1ebb671cf01a4628bfabd6cea679657a.jpg
1072d7da64b556507febb9f8672f6f9350dbe1764840fc0e0985a8ec9daf54ec,2726,"1780088813543-788f5949-7e9c-4521-8839-3ae4ffb732f5-dsc05035-preview.jpg",19922,2026-05-29T21:06:53.735836,true,https://99dev.pro/bucket/files/public/giovannimiranda09/2026/05/984e4ece98fc42398f2ba4f9cc79a7da.jpg
1072d7da64b556507febb9f8672f6f9350dbe1764840fc0e0985a8ec9daf54ec,2481,"1780087779987-f9ccc36e-61a8-4833-b036-0e47930de5f7-dsc05035-preview.jpg",19922,2026-05-29T20:49:40.192490,true,https://99dev.pro/bucket/files/public/giovannimiranda09/2026/05/c4bc6cfcedb54586bc251c40564bbd8e.jpg
1951bd44e6bff757fadfc0543a72a98ba8a0a1f160af3c5b7dc6b502ccbd7fa6,2335,"1779986525078-43678d00-53cf-4357-9a4b-3f096afa5b1e-dsc04354-preview.jpg",19454,2026-05-28T16:42:04.652568,true,https://99dev.pro/bucket/files/public/giovannimiranda09/2026/05/9dbc0268d9c94bdc938619a3dbd1657b.jpg
1951bd44e6bff757fadfc0543a72a98ba8a0a1f160af3c5b7dc6b502ccbd7fa6,2145,"1779982841069-e985810f-7d16-41ad-a3b9-ad93afb5f9bd-dsc04354-preview.jpg",19454,2026-05-28T15:40:40.597044,true,https://99dev.pro/bucket/files/public/giovannimiranda09/2026/05/d6fadd13e3a846279c89c04c97bcebc0.jpg
1370472228167ce229fa477b8565d9de722f527ba7d34935b2bf1f55ba6ca234,2467,"1779986942353-7fa7e7d9-d4be-4f36-ade7-f864a97c2da5-dsc04631-preview.jpg",19398,2026-05-28T16:49:01.978029,true,https://99dev.pro/bucket/files/public/giovannimiranda09/2026/05/cf3ffa41f0a74e34a899de9f4da6d77f.jpg
1370472228167ce229fa477b8565d9de722f527ba7d34935b2bf1f55ba6ca234,2195,"1779982938295-9e3a652f-9614-4af1-aee8-c3bd5f279a82-dsc04631-preview.jpg",19398,2026-05-28T15:42:17.763918,true,https://99dev.pro/bucket/files/public/giovannimiranda09/2026/05/5d89cde0442d4157925e7a6cae002dd5.jpg
a89c8930ecf12eb1828e13e578ff19662a4a790e6b19e8d7952217cc7afd6aab,2333,"1779986523575-21ee5870-f8df-4eeb-8077-445ef24d3613-dsc04346-preview.jpg",19330,2026-05-28T16:42:03.172989,true,https://99dev.pro/bucket/files/public/giovannimiranda09/2026/05/4f6f92c0096441e4a46944b5b2956f72.jpg
a89c8930ecf12eb1828e13e578ff19662a4a790e6b19e8d7952217cc7afd6aab,2143,"1779982839352-8ae29f47-2769-4c80-a4d0-a957e34f66b9-dsc04346-preview.jpg",19330,2026-05-28T15:40:38.888524,true,https://99dev.pro/bucket/files/public/giovannimiranda09/2026/05/0076568e00254500bf7db2fb06d7252d.jpg
12e14ec63b4a2a78678b018897ff74422dc27b8877b60305a020f8e0835ebf10,2718,"1780088806354-d977c57f-e08a-4e84-b2c8-9f94856900e1-dsc05025-preview.jpg",19232,2026-05-29T21:06:46.645868,true,https://99dev.pro/bucket/files/public/giovannimiranda09/2026/05/7e33a5c8f2594b0a98ff8c4773de3deb.jpg
12e14ec63b4a2a78678b018897ff74422dc27b8877b60305a020f8e0835ebf10,2473,"1780087771781-16ab199f-c91a-4a6f-af3f-07467812bb92-dsc05025-preview.jpg",19232,2026-05-29T20:49:31.985502,true,https://99dev.pro/bucket/files/public/giovannimiranda09/2026/05/313a14aa628c4c00b87a4dd9e6ca3d21.jpg
c0074491185df570eeb412f228c4520e12d92021d87240862d67665f10489a20,2716,"1780088804721-c810b10e-1dcb-48c2-baa8-be382cad9bdf-dsc05022-preview.jpg",19215,2026-05-29T21:06:44.960628,true,https://99dev.pro/bucket/files/public/giovannimiranda09/2026/05/da282ddfe57e42a9804a3e993ed1d0b8.jpg
c0074491185df570eeb412f228c4520e12d92021d87240862d67665f10489a20,2471,"1780087769741-ec91c726-afb2-4c3b-9b9f-d5e148b0375f-dsc05022-preview.jpg",19215,2026-05-29T20:49:29.962067,true,https://99dev.pro/bucket/files/public/giovannimiranda09/2026/05/b62b88d789df4544822b42073ef40fd9.jpg
435a4b2d82993dd4f899975b900d7c2845d6762515c3841534ff7bf19c0b15ef,2449,"1779986908395-294cfbdc-1a54-4378-876b-2a109f58cf40-dsc04554-preview.jpg",18847,2026-05-28T16:48:27.918326,true,https://99dev.pro/bucket/files/public/giovannimiranda09/2026/05/c934ddd3264b49c7946895ea99fdbfc0.jpg
435a4b2d82993dd4f899975b900d7c2845d6762515c3841534ff7bf19c0b15ef,2177,"1779982906610-3b0ac20f-b88f-4b06-bde5-6c441291a19f-dsc04554-preview.jpg",18847,2026-05-28T15:41:46.166239,true,https://99dev.pro/bucket/files/public/giovannimiranda09/2026/05/1b2ba43531ff45e7852f92aa63d2118e.jpg
5ae05d7d963258b505c39499aed92f4c4f60d534e234ff1c431519f79c5e14fd,2431,"1779986868909-45591a6a-1eff-457a-b3f4-3e4b5395badd-dsc04442-preview.jpg",18661,2026-05-28T16:47:48.469122,true,https://99dev.pro/bucket/files/public/giovannimiranda09/2026/05/64e564b5ecd444a99469e83e01d1b5f1.jpg
5ae05d7d963258b505c39499aed92f4c4f60d534e234ff1c431519f79c5e14fd,2227,"1779983240168-ff7239c1-211c-42a2-8978-8678fbc8f563-dsc04442-preview.jpg",18661,2026-05-28T15:47:19.614090,true,https://99dev.pro/bucket/files/public/giovannimiranda09/2026/05/1c0cbd1a237446358aad47e251df2baf.jpg
7292e08ae41e0cf8ab76a1ef114be212266c8e7518c1827575c32f4ce2571fc6,2249,"1779986361099-655ee071-ffa0-48e9-b4e8-2f276bee05e8-dsc03358-preview.jpg",18572,2026-05-28T16:39:20.658215,true,https://99dev.pro/bucket/files/public/giovannimiranda09/2026/05/074bd37e727949729855fa5de350b493.jpg
7292e08ae41e0cf8ab76a1ef114be212266c8e7518c1827575c32f4ce2571fc6,1981,"1779982503087-f3bb8b89-7554-4c27-99f9-de89a0d50fd9-dsc03358-preview.jpg",18572,2026-05-28T15:35:02.730912,true,https://99dev.pro/bucket/files/public/giovannimiranda09/2026/05/2e47ee43278c494cad6dddcd773d76ac.jpg
1ffd1d96f990e724a541bdcb4745e755abd100942aca88f35976a4f3daa268c1,2267,"1779986406410-2a4fda05-26ad-4076-ab10-0c5c4790e435-dsc03523-preview.jpg",18079,2026-05-28T16:40:06.076018,true,https://99dev.pro/bucket/files/public/giovannimiranda09/2026/05/b3a587ea327a408ca470dc395061d317.jpg
1ffd1d96f990e724a541bdcb4745e755abd100942aca88f35976a4f3daa268c1,2001,"1779982542096-0019e371-910e-4079-a20c-43fdb2bfce93-dsc03523-preview.jpg",18079,2026-05-28T15:35:41.724533,true,https://99dev.pro/bucket/files/public/giovannimiranda09/2026/05/6bfb3ad88b8647fca42a98c141f7cb2e.jpg
59f77521de182549c07c210741ede058345464f7611d160aec1f1fe54deadfc6,2556,"1780088576380-7d405a1a-380a-49fe-9df2-677328af39e7-dsc04674-preview.jpg",17941,2026-05-29T21:02:56.652360,true,https://99dev.pro/bucket/files/public/giovannimiranda09/2026/05/07dd0bbda46247dca937c7045fb03295.jpg
59f77521de182549c07c210741ede058345464f7611d160aec1f1fe54deadfc6,2469,"1780084160332-7a388c2b-c0a7-4653-bfeb-db831d33753a-dsc04674-preview.jpg",17941,2026-05-29T19:49:19.501249,true,https://99dev.pro/bucket/files/public/giovannimiranda09/2026/05/b21b3ed32e53406ea10c3400ac6a1013.jpg
a849259f16433692fa0023877a56fa5ee8c786cf0133dd7b97228cb22b886ecb,2493,"1780087788889-fde106f3-4cac-4cf2-a0a6-364a390e2a08-dsc04005-preview.jpg",17377,2026-05-29T20:49:49.104835,true,https://99dev.pro/bucket/files/public/giovannimiranda09/2026/05/e245876ad09d4081aea04b0b1ef8f249.jpg
a849259f16433692fa0023877a56fa5ee8c786cf0133dd7b97228cb22b886ecb,2071,"1779982692016-83ceee87-5901-4306-aa68-40fdb4b7ab0f-dsc04005-preview.jpg",17377,2026-05-28T15:38:11.480684,true,https://99dev.pro/bucket/files/public/giovannimiranda09/2026/05/22163e00f8444fd0ba5c8364147e93de.jpg
596903b33b60c7f65012110f812ba1fbdce4a6354372e1be91e51f3b3a60d62f,2327,"1779986518857-febe90f5-9e60-4773-a80a-73fdadfc1637-dsc04319-preview.jpg",16392,2026-05-28T16:41:58.383927,true,https://99dev.pro/bucket/files/public/giovannimiranda09/2026/05/f7cb487de4914785ae43fa16e7a055d5.jpg
596903b33b60c7f65012110f812ba1fbdce4a6354372e1be91e51f3b3a60d62f,2221,"1779983235385-3d40a13e-d88a-41a4-94ea-0c5d55fd465c-dsc04319-preview.jpg",16392,2026-05-28T15:47:14.956906,true,https://99dev.pro/bucket/files/public/giovannimiranda09/2026/05/e8653ede09cb42eeba8856bfce255013.jpg